file_key,station_folder,data_type,filename,extension,file_size_bytes,n_sheets,n_rows,n_cols,read_error
"Anand Vihar, Delhi - DPCC/AQI Hourly/aqi_hourly_station_level_anand_vihar,_delhi_-_dpcc_2025_April_delhi_2025.xlsx","Anand Vihar, Delhi - DPCC",AQI Hourly,"aqi_hourly_station_level_anand_vihar,_delhi_-_dpcc_2025_April_delhi_2025.xlsx",.xlsx,8668,1,30,25,
"Anand Vihar, Delhi - DPCC/AQI Hourly/aqi_hourly_station_level_anand_vihar,_delhi_-_dpcc_2025_August_delhi_2025.xlsx","Anand Vihar, Delhi - DPCC",AQI Hourly,"aqi_hourly_station_level_anand_vihar,_delhi_-_dpcc_2025_August_delhi_2025.xlsx",.xlsx,8704,1,31,25,
"Anand Vihar, Delhi - DPCC/AQI Hourly/aqi_hourly_station_level_anand_vihar,_delhi_-_dpcc_2025_December_delhi_2025.xlsx","Anand Vihar, Delhi - DPCC",AQI Hourly,"aqi_hourly_station_level_anand_vihar,_delhi_-_dpcc_2025_December_delhi_2025.xlsx",.xlsx,8676,1,31,25,
"Anand Vihar, Delhi - DPCC/AQI Hourly/aqi_hourly_station_level_anand_vihar,_delhi_-_dpcc_2025_February_delhi_2025.xlsx","Anand Vihar, Delhi - DPCC",AQI Hourly,"aqi_hourly_station_level_anand_vihar,_delhi_-_dpcc_2025_February_delhi_2025.xlsx",.xlsx,8254,1,27,25,
"Anand Vihar, Delhi - DPCC/AQI Hourly/aqi_hourly_station_level_anand_vihar,_delhi_-_dpcc_2025_January_delhi_2025.xlsx","Anand Vihar, Delhi - DPCC",AQI Hourly,"aqi_hourly_station_level_anand_vihar,_delhi_-_dpcc_2025_January_delhi_2025.xlsx",.xlsx,8646,1,31,25,
"Anand Vihar, Delhi - DPCC/AQI Hourly/aqi_hourly_station_level_anand_vihar,_delhi_-_dpcc_2025_July_delhi_2025.xlsx","Anand Vihar, Delhi - DPCC",AQI Hourly,"aqi_hourly_station_level_anand_vihar,_delhi_-_dpcc_2025_July_delhi_2025.xlsx",.xlsx,8639,1,31,25,
"Anand Vihar, Delhi - DPCC/AQI Hourly/aqi_hourly_station_level_anand_vihar,_delhi_-_dpcc_2025_June_delhi_2025.xlsx","Anand Vihar, Delhi - DPCC",AQI Hourly,"aqi_hourly_station_level_anand_vihar,_delhi_-_dpcc_2025_June_delhi_2025.xlsx",.xlsx,8584,1,30,25,
"Anand Vihar, Delhi - DPCC/AQI Hourly/aqi_hourly_station_level_anand_vihar,_delhi_-_dpcc_2025_March_delhi_2025.xlsx","Anand Vihar, Delhi - DPCC",AQI Hourly,"aqi_hourly_station_level_anand_vihar,_delhi_-_dpcc_2025_March_delhi_2025.xlsx",.xlsx,8741,1,31,25,
"Anand Vihar, Delhi - DPCC/AQI Hourly/aqi_hourly_station_level_anand_vihar,_delhi_-_dpcc_2025_May_delhi_2025.xlsx","Anand Vihar, Delhi - DPCC",AQI Hourly,"aqi_hourly_station_level_anand_vihar,_delhi_-_dpcc_2025_May_delhi_2025.xlsx",.xlsx,8732,1,31,25,
"Anand Vihar, Delhi - DPCC/AQI Hourly/aqi_hourly_station_level_anand_vihar,_delhi_-_dpcc_2025_November_delhi_2025.xlsx","Anand Vihar, Delhi - DPCC",AQI Hourly,"aqi_hourly_station_level_anand_vihar,_delhi_-_dpcc_2025_November_delhi_2025.xlsx",.xlsx,8614,1,30,25,
"Anand Vihar, Delhi - DPCC/AQI Hourly/aqi_hourly_station_level_anand_vihar,_delhi_-_dpcc_2025_October_delhi_2025.xlsx","Anand Vihar, Delhi - DPCC",AQI Hourly,"aqi_hourly_station_level_anand_vihar,_delhi_-_dpcc_2025_October_delhi_2025.xlsx",.xlsx,8777,1,31,25,
"Anand Vihar, Delhi - DPCC/AQI Hourly/aqi_hourly_station_level_anand_vihar,_delhi_-_dpcc_2025_September_delhi_2025.xlsx","Anand Vihar, Delhi - DPCC",AQI Hourly,"aqi_hourly_station_level_anand_vihar,_delhi_-_dpcc_2025_September_delhi_2025.xlsx",.xlsx,8628,1,30,25,
"Anand Vihar, Delhi - DPCC/Raw Data/2024_raw_data_hourly_anand_vihar,_delhi_-_dpcc_1H.csv","Anand Vihar, Delhi - DPCC",Raw Data,"2024_raw_data_hourly_anand_vihar,_delhi_-_dpcc_1H.csv",.csv,996535,1,8784,25,
"Anand Vihar, Delhi - DPCC/Raw Data/2025_raw_data_hourly_anand_vihar,_delhi_-_dpcc_1H.csv","Anand Vihar, Delhi - DPCC",Raw Data,"2025_raw_data_hourly_anand_vihar,_delhi_-_dpcc_1H.csv",.csv,1239834,1,8760,25,
"Anand Vihar, Delhi - DPCC/Raw Data/2026_raw_data_hourly_anand_vihar,_delhi_-_dpcc_1H.csv","Anand Vihar, Delhi - DPCC",Raw Data,"2026_raw_data_hourly_anand_vihar,_delhi_-_dpcc_1H.csv",.csv,674981,1,5088,25,
"Bawana, Delhi - DPCC/AQI Hourly/aqi_hourly_station_level_bawana,_delhi_-_dpcc_2025_April_delhi_2025.xlsx","Bawana, Delhi - DPCC",AQI Hourly,"aqi_hourly_station_level_bawana,_delhi_-_dpcc_2025_April_delhi_2025.xlsx",.xlsx,8682,1,30,25,
"Bawana, Delhi - DPCC/AQI Hourly/aqi_hourly_station_level_bawana,_delhi_-_dpcc_2025_August_delhi_2025.xlsx","Bawana, Delhi - DPCC",AQI Hourly,"aqi_hourly_station_level_bawana,_delhi_-_dpcc_2025_August_delhi_2025.xlsx",.xlsx,8557,1,31,25,
"Bawana, Delhi - DPCC/AQI Hourly/aqi_hourly_station_level_bawana,_delhi_-_dpcc_2025_December_delhi_2025.xlsx","Bawana, Delhi - DPCC",AQI Hourly,"aqi_hourly_station_level_bawana,_delhi_-_dpcc_2025_December_delhi_2025.xlsx",.xlsx,8712,1,31,25,
"Bawana, Delhi - DPCC/AQI Hourly/aqi_hourly_station_level_bawana,_delhi_-_dpcc_2025_February_delhi_2025.xlsx","Bawana, Delhi - DPCC",AQI Hourly,"aqi_hourly_station_level_bawana,_delhi_-_dpcc_2025_February_delhi_2025.xlsx",.xlsx,8481,1,28,25,
"Bawana, Delhi - DPCC/AQI Hourly/aqi_hourly_station_level_bawana,_delhi_-_dpcc_2025_January_delhi_2025.xlsx","Bawana, Delhi - DPCC",AQI Hourly,"aqi_hourly_station_level_bawana,_delhi_-_dpcc_2025_January_delhi_2025.xlsx",.xlsx,8731,1,31,25,
"Bawana, Delhi - DPCC/AQI Hourly/aqi_hourly_station_level_bawana,_delhi_-_dpcc_2025_July_delhi_2025.xlsx","Bawana, Delhi - DPCC",AQI Hourly,"aqi_hourly_station_level_bawana,_delhi_-_dpcc_2025_July_delhi_2025.xlsx",.xlsx,8536,1,31,25,
"Bawana, Delhi - DPCC/AQI Hourly/aqi_hourly_station_level_bawana,_delhi_-_dpcc_2025_June_delhi_2025.xlsx","Bawana, Delhi - DPCC",AQI Hourly,"aqi_hourly_station_level_bawana,_delhi_-_dpcc_2025_June_delhi_2025.xlsx",.xlsx,8517,1,30,25,
"Bawana, Delhi - DPCC/AQI Hourly/aqi_hourly_station_level_bawana,_delhi_-_dpcc_2025_March_delhi_2025.xlsx","Bawana, Delhi - DPCC",AQI Hourly,"aqi_hourly_station_level_bawana,_delhi_-_dpcc_2025_March_delhi_2025.xlsx",.xlsx,8724,1,31,25,
"Bawana, Delhi - DPCC/AQI Hourly/aqi_hourly_station_level_bawana,_delhi_-_dpcc_2025_May_delhi_2025.xlsx","Bawana, Delhi - DPCC",AQI Hourly,"aqi_hourly_station_level_bawana,_delhi_-_dpcc_2025_May_delhi_2025.xlsx",.xlsx,8796,1,31,25,
"Bawana, Delhi - DPCC/AQI Hourly/aqi_hourly_station_level_bawana,_delhi_-_dpcc_2025_November_delhi_2025.xlsx","Bawana, Delhi - DPCC",AQI Hourly,"aqi_hourly_station_level_bawana,_delhi_-_dpcc_2025_November_delhi_2025.xlsx",.xlsx,8544,1,30,25,
"Bawana, Delhi - DPCC/AQI Hourly/aqi_hourly_station_level_bawana,_delhi_-_dpcc_2025_October_delhi_2025.xlsx","Bawana, Delhi - DPCC",AQI Hourly,"aqi_hourly_station_level_bawana,_delhi_-_dpcc_2025_October_delhi_2025.xlsx",.xlsx,8719,1,31,25,
"Bawana, Delhi - DPCC/AQI Hourly/aqi_hourly_station_level_bawana,_delhi_-_dpcc_2025_September_delhi_2025.xlsx","Bawana, Delhi - DPCC",AQI Hourly,"aqi_hourly_station_level_bawana,_delhi_-_dpcc_2025_September_delhi_2025.xlsx",.xlsx,8415,1,30,25,
"Bawana, Delhi - DPCC/Raw Data/2024_raw_data_hourly_bawana,_delhi_-_dpcc_1H.csv","Bawana, Delhi - DPCC",Raw Data,"2024_raw_data_hourly_bawana,_delhi_-_dpcc_1H.csv",.csv,1104729,1,8784,25,
"Bawana, Delhi - DPCC/Raw Data/2025_raw_data_hourly_bawana,_delhi_-_dpcc_1H.csv","Bawana, Delhi - DPCC",Raw Data,"2025_raw_data_hourly_bawana,_delhi_-_dpcc_1H.csv",.csv,1256474,1,8760,25,
"Bawana, Delhi - DPCC/Raw Data/2026_raw_data_hourly_bawana,_delhi_-_dpcc_1H.csv","Bawana, Delhi - DPCC",Raw Data,"2026_raw_data_hourly_bawana,_delhi_-_dpcc_1H.csv",.csv,680881,1,5088,25,
"Dwarka-Sector 8, Delhi - DPCC/AQI Hourly/aqi_hourly_station_level_dwarka-sector_8,_delhi_-_dpcc__2025_April_delhi_2025.xlsx","Dwarka-Sector 8, Delhi - DPCC",AQI Hourly,"aqi_hourly_station_level_dwarka-sector_8,_delhi_-_dpcc__2025_April_delhi_2025.xlsx",.xlsx,8579,1,30,25,
"Dwarka-Sector 8, Delhi - DPCC/AQI Hourly/aqi_hourly_station_level_dwarka-sector_8,_delhi_-_dpcc__2025_August_delhi_2025.xlsx","Dwarka-Sector 8, Delhi - DPCC",AQI Hourly,"aqi_hourly_station_level_dwarka-sector_8,_delhi_-_dpcc__2025_August_delhi_2025.xlsx",.xlsx,8684,1,31,25,
"Dwarka-Sector 8, Delhi - DPCC/AQI Hourly/aqi_hourly_station_level_dwarka-sector_8,_delhi_-_dpcc__2025_December_delhi_2025.xlsx","Dwarka-Sector 8, Delhi - DPCC",AQI Hourly,"aqi_hourly_station_level_dwarka-sector_8,_delhi_-_dpcc__2025_December_delhi_2025.xlsx",.xlsx,8700,1,31,25,
"Dwarka-Sector 8, Delhi - DPCC/AQI Hourly/aqi_hourly_station_level_dwarka-sector_8,_delhi_-_dpcc__2025_February_delhi_2025.xlsx","Dwarka-Sector 8, Delhi - DPCC",AQI Hourly,"aqi_hourly_station_level_dwarka-sector_8,_delhi_-_dpcc__2025_February_delhi_2025.xlsx",.xlsx,8468,1,28,25,
"Dwarka-Sector 8, Delhi - DPCC/AQI Hourly/aqi_hourly_station_level_dwarka-sector_8,_delhi_-_dpcc__2025_January_delhi_2025.xlsx","Dwarka-Sector 8, Delhi - DPCC",AQI Hourly,"aqi_hourly_station_level_dwarka-sector_8,_delhi_-_dpcc__2025_January_delhi_2025.xlsx",.xlsx,8759,1,31,25,
"Dwarka-Sector 8, Delhi - DPCC/AQI Hourly/aqi_hourly_station_level_dwarka-sector_8,_delhi_-_dpcc__2025_July_delhi_2025.xlsx","Dwarka-Sector 8, Delhi - DPCC",AQI Hourly,"aqi_hourly_station_level_dwarka-sector_8,_delhi_-_dpcc__2025_July_delhi_2025.xlsx",.xlsx,8630,1,31,25,
"Dwarka-Sector 8, Delhi - DPCC/AQI Hourly/aqi_hourly_station_level_dwarka-sector_8,_delhi_-_dpcc__2025_June_delhi_2025.xlsx","Dwarka-Sector 8, Delhi - DPCC",AQI Hourly,"aqi_hourly_station_level_dwarka-sector_8,_delhi_-_dpcc__2025_June_delhi_2025.xlsx",.xlsx,8505,1,30,25,
"Dwarka-Sector 8, Delhi - DPCC/AQI Hourly/aqi_hourly_station_level_dwarka-sector_8,_delhi_-_dpcc__2025_March_delhi_2025.xlsx","Dwarka-Sector 8, Delhi - DPCC",AQI Hourly,"aqi_hourly_station_level_dwarka-sector_8,_delhi_-_dpcc__2025_March_delhi_2025.xlsx",.xlsx,8668,1,31,25,
"Dwarka-Sector 8, Delhi - DPCC/AQI Hourly/aqi_hourly_station_level_dwarka-sector_8,_delhi_-_dpcc__2025_May_delhi_2025.xlsx","Dwarka-Sector 8, Delhi - DPCC",AQI Hourly,"aqi_hourly_station_level_dwarka-sector_8,_delhi_-_dpcc__2025_May_delhi_2025.xlsx",.xlsx,8766,1,31,25,
"Dwarka-Sector 8, Delhi - DPCC/AQI Hourly/aqi_hourly_station_level_dwarka-sector_8,_delhi_-_dpcc__2025_November_delhi_2025.xlsx","Dwarka-Sector 8, Delhi - DPCC",AQI Hourly,"aqi_hourly_station_level_dwarka-sector_8,_delhi_-_dpcc__2025_November_delhi_2025.xlsx",.xlsx,8620,1,30,25,
"Dwarka-Sector 8, Delhi - DPCC/AQI Hourly/aqi_hourly_station_level_dwarka-sector_8,_delhi_-_dpcc__2025_October_delhi_2025.xlsx","Dwarka-Sector 8, Delhi - DPCC",AQI Hourly,"aqi_hourly_station_level_dwarka-sector_8,_delhi_-_dpcc__2025_October_delhi_2025.xlsx",.xlsx,8753,1,31,25,
"Dwarka-Sector 8, Delhi - DPCC/AQI Hourly/aqi_hourly_station_level_dwarka-sector_8,_delhi_-_dpcc__2025_September_delhi_2025.xlsx","Dwarka-Sector 8, Delhi - DPCC",AQI Hourly,"aqi_hourly_station_level_dwarka-sector_8,_delhi_-_dpcc__2025_September_delhi_2025.xlsx",.xlsx,8473,1,30,25,
"Dwarka-Sector 8, Delhi - DPCC/Raw Data/2023_raw_data_hourly_dwarka-sector_8,_delhi_-_dpcc__1H.csv","Dwarka-Sector 8, Delhi - DPCC",Raw Data,"2023_raw_data_hourly_dwarka-sector_8,_delhi_-_dpcc__1H.csv",.csv,1301759,1,8760,25,
"Dwarka-Sector 8, Delhi - DPCC/Raw Data/2024_raw_data_hourly_dwarka-sector_8,_delhi_-_dpcc__1H.csv","Dwarka-Sector 8, Delhi - DPCC",Raw Data,"2024_raw_data_hourly_dwarka-sector_8,_delhi_-_dpcc__1H.csv",.csv,1113888,1,8784,25,
"Dwarka-Sector 8, Delhi - DPCC/Raw Data/2025_raw_data_hourly_dwarka-sector_8,_delhi_-_dpcc__1H.csv","Dwarka-Sector 8, Delhi - DPCC",Raw Data,"2025_raw_data_hourly_dwarka-sector_8,_delhi_-_dpcc__1H.csv",.csv,1275813,1,8760,25,
"ITO, Delhi - CPCB/AQI Hourly/aqi_hourly_station_level_ito,_delhi_-_cpcb_2025_April_delhi_2025.xlsx","ITO, Delhi - CPCB",AQI Hourly,"aqi_hourly_station_level_ito,_delhi_-_cpcb_2025_April_delhi_2025.xlsx",.xlsx,8579,1,30,25,
"ITO, Delhi - CPCB/AQI Hourly/aqi_hourly_station_level_ito,_delhi_-_cpcb_2025_August_delhi_2025.xlsx","ITO, Delhi - CPCB",AQI Hourly,"aqi_hourly_station_level_ito,_delhi_-_cpcb_2025_August_delhi_2025.xlsx",.xlsx,8112,1,31,25,
"ITO, Delhi - CPCB/AQI Hourly/aqi_hourly_station_level_ito,_delhi_-_cpcb_2025_December_delhi_2025.xlsx","ITO, Delhi - CPCB",AQI Hourly,"aqi_hourly_station_level_ito,_delhi_-_cpcb_2025_December_delhi_2025.xlsx",.xlsx,8712,1,31,25,
"ITO, Delhi - CPCB/AQI Hourly/aqi_hourly_station_level_ito,_delhi_-_cpcb_2025_February_delhi_2025.xlsx","ITO, Delhi - CPCB",AQI Hourly,"aqi_hourly_station_level_ito,_delhi_-_cpcb_2025_February_delhi_2025.xlsx",.xlsx,8466,1,28,25,
"ITO, Delhi - CPCB/AQI Hourly/aqi_hourly_station_level_ito,_delhi_-_cpcb_2025_January_delhi_2025.xlsx","ITO, Delhi - CPCB",AQI Hourly,"aqi_hourly_station_level_ito,_delhi_-_cpcb_2025_January_delhi_2025.xlsx",.xlsx,8780,1,31,25,
"ITO, Delhi - CPCB/AQI Hourly/aqi_hourly_station_level_ito,_delhi_-_cpcb_2025_July_delhi_2025.xlsx","ITO, Delhi - CPCB",AQI Hourly,"aqi_hourly_station_level_ito,_delhi_-_cpcb_2025_July_delhi_2025.xlsx",.xlsx,8186,1,31,25,
"ITO, Delhi - CPCB/AQI Hourly/aqi_hourly_station_level_ito,_delhi_-_cpcb_2025_June_delhi_2025.xlsx","ITO, Delhi - CPCB",AQI Hourly,"aqi_hourly_station_level_ito,_delhi_-_cpcb_2025_June_delhi_2025.xlsx",.xlsx,8436,1,30,25,
"ITO, Delhi - CPCB/AQI Hourly/aqi_hourly_station_level_ito,_delhi_-_cpcb_2025_March_delhi_2025.xlsx","ITO, Delhi - CPCB",AQI Hourly,"aqi_hourly_station_level_ito,_delhi_-_cpcb_2025_March_delhi_2025.xlsx",.xlsx,8649,1,31,25,
"ITO, Delhi - CPCB/AQI Hourly/aqi_hourly_station_level_ito,_delhi_-_cpcb_2025_May_delhi_2025.xlsx","ITO, Delhi - CPCB",AQI Hourly,"aqi_hourly_station_level_ito,_delhi_-_cpcb_2025_May_delhi_2025.xlsx",.xlsx,8651,1,31,25,
"ITO, Delhi - CPCB/AQI Hourly/aqi_hourly_station_level_ito,_delhi_-_cpcb_2025_November_delhi_2025.xlsx","ITO, Delhi - CPCB",AQI Hourly,"aqi_hourly_station_level_ito,_delhi_-_cpcb_2025_November_delhi_2025.xlsx",.xlsx,8578,1,30,25,
"ITO, Delhi - CPCB/AQI Hourly/aqi_hourly_station_level_ito,_delhi_-_cpcb_2025_October_delhi_2025.xlsx","ITO, Delhi - CPCB",AQI Hourly,"aqi_hourly_station_level_ito,_delhi_-_cpcb_2025_October_delhi_2025.xlsx",.xlsx,8627,1,31,25,
"ITO, Delhi - CPCB/AQI Hourly/aqi_hourly_station_level_ito,_delhi_-_cpcb_2025_September_delhi_2025.xlsx","ITO, Delhi - CPCB",AQI Hourly,"aqi_hourly_station_level_ito,_delhi_-_cpcb_2025_September_delhi_2025.xlsx",.xlsx,8077,1,30,25,
"ITO, Delhi - CPCB/Raw Data/2024_raw_data_hourly_ito,_delhi_-_cpcb_1H.csv","ITO, Delhi - CPCB",Raw Data,"2024_raw_data_hourly_ito,_delhi_-_cpcb_1H.csv",.csv,787219,1,8784,25,
"ITO, Delhi - CPCB/Raw Data/2025_raw_data_hourly_ito,_delhi_-_cpcb_1H.csv","ITO, Delhi - CPCB",Raw Data,"2025_raw_data_hourly_ito,_delhi_-_cpcb_1H.csv",.csv,1050084,1,8760,25,
"ITO, Delhi - CPCB/Raw Data/2026_raw_data_hourly_ito,_delhi_-_cpcb_1H.csv","ITO, Delhi - CPCB",Raw Data,"2026_raw_data_hourly_ito,_delhi_-_cpcb_1H.csv",.csv,606143,1,5088,25,
"Jahangirpuri, Delhi - DPCC	/AQI Hourly/aqi_hourly_station_level_jahangirpuri,_delhi_-_dpcc_2025_April_delhi_2025.xlsx","Jahangirpuri, Delhi - DPCC",AQI Hourly,"aqi_hourly_station_level_jahangirpuri,_delhi_-_dpcc_2025_April_delhi_2025.xlsx",.xlsx,8734,1,30,25,
"Jahangirpuri, Delhi - DPCC	/AQI Hourly/aqi_hourly_station_level_jahangirpuri,_delhi_-_dpcc_2025_August_delhi_2025.xlsx","Jahangirpuri, Delhi - DPCC",AQI Hourly,"aqi_hourly_station_level_jahangirpuri,_delhi_-_dpcc_2025_August_delhi_2025.xlsx",.xlsx,8661,1,31,25,
"Jahangirpuri, Delhi - DPCC	/AQI Hourly/aqi_hourly_station_level_jahangirpuri,_delhi_-_dpcc_2025_December_delhi_2025.xlsx","Jahangirpuri, Delhi - DPCC",AQI Hourly,"aqi_hourly_station_level_jahangirpuri,_delhi_-_dpcc_2025_December_delhi_2025.xlsx",.xlsx,8678,1,31,25,
"Jahangirpuri, Delhi - DPCC	/AQI Hourly/aqi_hourly_station_level_jahangirpuri,_delhi_-_dpcc_2025_February_delhi_2025.xlsx","Jahangirpuri, Delhi - DPCC",AQI Hourly,"aqi_hourly_station_level_jahangirpuri,_delhi_-_dpcc_2025_February_delhi_2025.xlsx",.xlsx,8441,1,28,25,
"Jahangirpuri, Delhi - DPCC	/AQI Hourly/aqi_hourly_station_level_jahangirpuri,_delhi_-_dpcc_2025_January_delhi_2025.xlsx","Jahangirpuri, Delhi - DPCC",AQI Hourly,"aqi_hourly_station_level_jahangirpuri,_delhi_-_dpcc_2025_January_delhi_2025.xlsx",.xlsx,8692,1,31,25,
"Jahangirpuri, Delhi - DPCC	/AQI Hourly/aqi_hourly_station_level_jahangirpuri,_delhi_-_dpcc_2025_July_delhi_2025.xlsx","Jahangirpuri, Delhi - DPCC",AQI Hourly,"aqi_hourly_station_level_jahangirpuri,_delhi_-_dpcc_2025_July_delhi_2025.xlsx",.xlsx,8664,1,31,25,
"Jahangirpuri, Delhi - DPCC	/AQI Hourly/aqi_hourly_station_level_jahangirpuri,_delhi_-_dpcc_2025_June_delhi_2025.xlsx","Jahangirpuri, Delhi - DPCC",AQI Hourly,"aqi_hourly_station_level_jahangirpuri,_delhi_-_dpcc_2025_June_delhi_2025.xlsx",.xlsx,8622,1,30,25,
"Jahangirpuri, Delhi - DPCC	/AQI Hourly/aqi_hourly_station_level_jahangirpuri,_delhi_-_dpcc_2025_March_delhi_2025.xlsx","Jahangirpuri, Delhi - DPCC",AQI Hourly,"aqi_hourly_station_level_jahangirpuri,_delhi_-_dpcc_2025_March_delhi_2025.xlsx",.xlsx,8745,1,31,25,
"Jahangirpuri, Delhi - DPCC	/AQI Hourly/aqi_hourly_station_level_jahangirpuri,_delhi_-_dpcc_2025_May_delhi_2025.xlsx","Jahangirpuri, Delhi - DPCC",AQI Hourly,"aqi_hourly_station_level_jahangirpuri,_delhi_-_dpcc_2025_May_delhi_2025.xlsx",.xlsx,8835,1,31,25,
"Jahangirpuri, Delhi - DPCC	/AQI Hourly/aqi_hourly_station_level_jahangirpuri,_delhi_-_dpcc_2025_November_delhi_2025.xlsx","Jahangirpuri, Delhi - DPCC",AQI Hourly,"aqi_hourly_station_level_jahangirpuri,_delhi_-_dpcc_2025_November_delhi_2025.xlsx",.xlsx,8557,1,30,25,
"Jahangirpuri, Delhi - DPCC	/AQI Hourly/aqi_hourly_station_level_jahangirpuri,_delhi_-_dpcc_2025_October_delhi_2025.xlsx","Jahangirpuri, Delhi - DPCC",AQI Hourly,"aqi_hourly_station_level_jahangirpuri,_delhi_-_dpcc_2025_October_delhi_2025.xlsx",.xlsx,8755,1,31,25,
"Jahangirpuri, Delhi - DPCC	/AQI Hourly/aqi_hourly_station_level_jahangirpuri,_delhi_-_dpcc_2025_September_delhi_2025.xlsx","Jahangirpuri, Delhi - DPCC",AQI Hourly,"aqi_hourly_station_level_jahangirpuri,_delhi_-_dpcc_2025_September_delhi_2025.xlsx",.xlsx,8611,1,30,25,
"Jahangirpuri, Delhi - DPCC	/Raw Data/2024_raw_data_hourly_jahangirpuri,_delhi_-_dpcc_1H.csv","Jahangirpuri, Delhi - DPCC",Raw Data,"2024_raw_data_hourly_jahangirpuri,_delhi_-_dpcc_1H.csv",.csv,1086228,1,8784,25,
"Jahangirpuri, Delhi - DPCC	/Raw Data/2025_raw_data_hourly_jahangirpuri,_delhi_-_dpcc_1H.csv","Jahangirpuri, Delhi - DPCC",Raw Data,"2025_raw_data_hourly_jahangirpuri,_delhi_-_dpcc_1H.csv",.csv,1263181,1,8760,25,
"Jahangirpuri, Delhi - DPCC	/Raw Data/2026_raw_data_hourly_jahangirpuri,_delhi_-_dpcc_1H.csv","Jahangirpuri, Delhi - DPCC",Raw Data,"2026_raw_data_hourly_jahangirpuri,_delhi_-_dpcc_1H.csv",.csv,687078,1,5088,25,
"Punjabi Bagh, Delhi - DPCC/AQI Hourly/aqi_hourly_station_level_punjabi_bagh,_delhi_-_dpcc_2025_April_delhi_2025.xlsx","Punjabi Bagh, Delhi - DPCC",AQI Hourly,"aqi_hourly_station_level_punjabi_bagh,_delhi_-_dpcc_2025_April_delhi_2025.xlsx",.xlsx,8623,1,30,25,
"Punjabi Bagh, Delhi - DPCC/AQI Hourly/aqi_hourly_station_level_punjabi_bagh,_delhi_-_dpcc_2025_August_delhi_2025.xlsx","Punjabi Bagh, Delhi - DPCC",AQI Hourly,"aqi_hourly_station_level_punjabi_bagh,_delhi_-_dpcc_2025_August_delhi_2025.xlsx",.xlsx,8612,1,31,25,
"Punjabi Bagh, Delhi - DPCC/AQI Hourly/aqi_hourly_station_level_punjabi_bagh,_delhi_-_dpcc_2025_December_delhi_2025.xlsx","Punjabi Bagh, Delhi - DPCC",AQI Hourly,"aqi_hourly_station_level_punjabi_bagh,_delhi_-_dpcc_2025_December_delhi_2025.xlsx",.xlsx,8715,1,31,25,
"Punjabi Bagh, Delhi - DPCC/AQI Hourly/aqi_hourly_station_level_punjabi_bagh,_delhi_-_dpcc_2025_February_delhi_2025.xlsx","Punjabi Bagh, Delhi - DPCC",AQI Hourly,"aqi_hourly_station_level_punjabi_bagh,_delhi_-_dpcc_2025_February_delhi_2025.xlsx",.xlsx,8468,1,28,25,
"Punjabi Bagh, Delhi - DPCC/AQI Hourly/aqi_hourly_station_level_punjabi_bagh,_delhi_-_dpcc_2025_January_delhi_2025.xlsx","Punjabi Bagh, Delhi - DPCC",AQI Hourly,"aqi_hourly_station_level_punjabi_bagh,_delhi_-_dpcc_2025_January_delhi_2025.xlsx",.xlsx,8426,1,31,25,
"Punjabi Bagh, Delhi - DPCC/AQI Hourly/aqi_hourly_station_level_punjabi_bagh,_delhi_-_dpcc_2025_July_delhi_2025.xlsx","Punjabi Bagh, Delhi - DPCC",AQI Hourly,"aqi_hourly_station_level_punjabi_bagh,_delhi_-_dpcc_2025_July_delhi_2025.xlsx",.xlsx,8546,1,31,25,
"Punjabi Bagh, Delhi - DPCC/AQI Hourly/aqi_hourly_station_level_punjabi_bagh,_delhi_-_dpcc_2025_June_delhi_2025.xlsx","Punjabi Bagh, Delhi - DPCC",AQI Hourly,"aqi_hourly_station_level_punjabi_bagh,_delhi_-_dpcc_2025_June_delhi_2025.xlsx",.xlsx,8594,1,30,25,
"Punjabi Bagh, Delhi - DPCC/AQI Hourly/aqi_hourly_station_level_punjabi_bagh,_delhi_-_dpcc_2025_March_delhi_2025.xlsx","Punjabi Bagh, Delhi - DPCC",AQI Hourly,"aqi_hourly_station_level_punjabi_bagh,_delhi_-_dpcc_2025_March_delhi_2025.xlsx",.xlsx,8618,1,31,25,
"Punjabi Bagh, Delhi - DPCC/AQI Hourly/aqi_hourly_station_level_punjabi_bagh,_delhi_-_dpcc_2025_May_delhi_2025.xlsx","Punjabi Bagh, Delhi - DPCC",AQI Hourly,"aqi_hourly_station_level_punjabi_bagh,_delhi_-_dpcc_2025_May_delhi_2025.xlsx",.xlsx,8617,1,28,25,
"Punjabi Bagh, Delhi - DPCC/AQI Hourly/aqi_hourly_station_level_punjabi_bagh,_delhi_-_dpcc_2025_November_delhi_2025.xlsx","Punjabi Bagh, Delhi - DPCC",AQI Hourly,"aqi_hourly_station_level_punjabi_bagh,_delhi_-_dpcc_2025_November_delhi_2025.xlsx",.xlsx,8668,1,30,25,
"Punjabi Bagh, Delhi - DPCC/AQI Hourly/aqi_hourly_station_level_punjabi_bagh,_delhi_-_dpcc_2025_October_delhi_2025.xlsx","Punjabi Bagh, Delhi - DPCC",AQI Hourly,"aqi_hourly_station_level_punjabi_bagh,_delhi_-_dpcc_2025_October_delhi_2025.xlsx",.xlsx,8680,1,31,25,
"Punjabi Bagh, Delhi - DPCC/AQI Hourly/aqi_hourly_station_level_punjabi_bagh,_delhi_-_dpcc_2025_September_delhi_2025.xlsx","Punjabi Bagh, Delhi - DPCC",AQI Hourly,"aqi_hourly_station_level_punjabi_bagh,_delhi_-_dpcc_2025_September_delhi_2025.xlsx",.xlsx,8414,1,30,25,
"Punjabi Bagh, Delhi - DPCC/Raw Data/2024_raw_data_hourly_punjabi_bagh,_delhi_-_dpcc_1H.csv","Punjabi Bagh, Delhi - DPCC",Raw Data,"2024_raw_data_hourly_punjabi_bagh,_delhi_-_dpcc_1H.csv",.csv,1008524,1,8784,25,
"Punjabi Bagh, Delhi - DPCC/Raw Data/2025_raw_data_hourly_punjabi_bagh,_delhi_-_dpcc_1H.csv","Punjabi Bagh, Delhi - DPCC",Raw Data,"2025_raw_data_hourly_punjabi_bagh,_delhi_-_dpcc_1H.csv",.csv,1182282,1,8760,25,
"Punjabi Bagh, Delhi - DPCC/Raw Data/2026_raw_data_hourly_punjabi_bagh,_delhi_-_dpcc_1H.csv","Punjabi Bagh, Delhi - DPCC",Raw Data,"2026_raw_data_hourly_punjabi_bagh,_delhi_-_dpcc_1H.csv",.csv,634674,1,5088,25,
"R K Puram, Delhi - DPCC/AQI Hourly/aqi_hourly_station_level_r_k_puram,_delhi_-_dpcc_2025_April_delhi_2025.xlsx","R K Puram, Delhi - DPCC",AQI Hourly,"aqi_hourly_station_level_r_k_puram,_delhi_-_dpcc_2025_April_delhi_2025.xlsx",.xlsx,8430,1,28,25,
"R K Puram, Delhi - DPCC/AQI Hourly/aqi_hourly_station_level_r_k_puram,_delhi_-_dpcc_2025_August_delhi_2025.xlsx","R K Puram, Delhi - DPCC",AQI Hourly,"aqi_hourly_station_level_r_k_puram,_delhi_-_dpcc_2025_August_delhi_2025.xlsx",.xlsx,8602,1,31,25,
"R K Puram, Delhi - DPCC/AQI Hourly/aqi_hourly_station_level_r_k_puram,_delhi_-_dpcc_2025_December_delhi_2025.xlsx","R K Puram, Delhi - DPCC",AQI Hourly,"aqi_hourly_station_level_r_k_puram,_delhi_-_dpcc_2025_December_delhi_2025.xlsx",.xlsx,8733,1,31,25,
"R K Puram, Delhi - DPCC/AQI Hourly/aqi_hourly_station_level_r_k_puram,_delhi_-_dpcc_2025_February_delhi_2025.xlsx","R K Puram, Delhi - DPCC",AQI Hourly,"aqi_hourly_station_level_r_k_puram,_delhi_-_dpcc_2025_February_delhi_2025.xlsx",.xlsx,8409,1,28,25,
"R K Puram, Delhi - DPCC/AQI Hourly/aqi_hourly_station_level_r_k_puram,_delhi_-_dpcc_2025_January_delhi_2025.xlsx","R K Puram, Delhi - DPCC",AQI Hourly,"aqi_hourly_station_level_r_k_puram,_delhi_-_dpcc_2025_January_delhi_2025.xlsx",.xlsx,8782,1,31,25,
"R K Puram, Delhi - DPCC/AQI Hourly/aqi_hourly_station_level_r_k_puram,_delhi_-_dpcc_2025_July_delhi_2025.xlsx","R K Puram, Delhi - DPCC",AQI Hourly,"aqi_hourly_station_level_r_k_puram,_delhi_-_dpcc_2025_July_delhi_2025.xlsx",.xlsx,8601,1,31,25,
"R K Puram, Delhi - DPCC/AQI Hourly/aqi_hourly_station_level_r_k_puram,_delhi_-_dpcc_2025_June_delhi_2025.xlsx","R K Puram, Delhi - DPCC",AQI Hourly,"aqi_hourly_station_level_r_k_puram,_delhi_-_dpcc_2025_June_delhi_2025.xlsx",.xlsx,8528,1,30,25,
"R K Puram, Delhi - DPCC/AQI Hourly/aqi_hourly_station_level_r_k_puram,_delhi_-_dpcc_2025_March_delhi_2025.xlsx","R K Puram, Delhi - DPCC",AQI Hourly,"aqi_hourly_station_level_r_k_puram,_delhi_-_dpcc_2025_March_delhi_2025.xlsx",.xlsx,8645,1,31,25,
"R K Puram, Delhi - DPCC/AQI Hourly/aqi_hourly_station_level_r_k_puram,_delhi_-_dpcc_2025_May_delhi_2025.xlsx","R K Puram, Delhi - DPCC",AQI Hourly,"aqi_hourly_station_level_r_k_puram,_delhi_-_dpcc_2025_May_delhi_2025.xlsx",.xlsx,8701,1,31,25,
"R K Puram, Delhi - DPCC/AQI Hourly/aqi_hourly_station_level_r_k_puram,_delhi_-_dpcc_2025_November_delhi_2025.xlsx","R K Puram, Delhi - DPCC",AQI Hourly,"aqi_hourly_station_level_r_k_puram,_delhi_-_dpcc_2025_November_delhi_2025.xlsx",.xlsx,8641,1,30,25,
"R K Puram, Delhi - DPCC/AQI Hourly/aqi_hourly_station_level_r_k_puram,_delhi_-_dpcc_2025_October_delhi_2025.xlsx","R K Puram, Delhi - DPCC",AQI Hourly,"aqi_hourly_station_level_r_k_puram,_delhi_-_dpcc_2025_October_delhi_2025.xlsx",.xlsx,8757,1,31,25,
"R K Puram, Delhi - DPCC/AQI Hourly/aqi_hourly_station_level_r_k_puram,_delhi_-_dpcc_2025_September_delhi_2025.xlsx","R K Puram, Delhi - DPCC",AQI Hourly,"aqi_hourly_station_level_r_k_puram,_delhi_-_dpcc_2025_September_delhi_2025.xlsx",.xlsx,8433,1,30,25,
"R K Puram, Delhi - DPCC/Raw Data/2024_raw_data_hourly_r_k_puram,_delhi_-_dpcc_1H.csv","R K Puram, Delhi - DPCC",Raw Data,"2024_raw_data_hourly_r_k_puram,_delhi_-_dpcc_1H.csv",.csv,1098849,1,8784,25,
"R K Puram, Delhi - DPCC/Raw Data/2025_raw_data_hourly_r_k_puram,_delhi_-_dpcc_1H.csv","R K Puram, Delhi - DPCC",Raw Data,"2025_raw_data_hourly_r_k_puram,_delhi_-_dpcc_1H.csv",.csv,1262375,1,8760,25,
"R K Puram, Delhi - DPCC/Raw Data/2026_raw_data_hourly_r_k_puram,_delhi_-_dpcc_1H.csv","R K Puram, Delhi - DPCC",Raw Data,"2026_raw_data_hourly_r_k_puram,_delhi_-_dpcc_1H.csv",.csv,669239,1,5088,25,
