file_key,sheet,station_folder,col_name,semantic_role,min,max,mean,median,n_zeros,n_negative,n_sentinel,pct_missing
"Anand Vihar, Delhi - DPCC/Raw Data/2024_raw_data_hourly_anand_vihar,_delhi_-_dpcc_1H.csv",sheet1,"Anand Vihar, Delhi - DPCC",PM2.5 (µg/m³),PM2.5,1.0,998.0,141.8928,99.5,0,0,29,17.46
"Anand Vihar, Delhi - DPCC/Raw Data/2024_raw_data_hourly_anand_vihar,_delhi_-_dpcc_1H.csv",sheet1,"Anand Vihar, Delhi - DPCC",PM10 (µg/m³),PM10,1.0,998.0,315.6577,273.0,0,0,17,17.19
"Anand Vihar, Delhi - DPCC/Raw Data/2024_raw_data_hourly_anand_vihar,_delhi_-_dpcc_1H.csv",sheet1,"Anand Vihar, Delhi - DPCC",NO (µg/m³),NO,0.1,494.5,64.7715,30.7,0,0,2,14.06
"Anand Vihar, Delhi - DPCC/Raw Data/2024_raw_data_hourly_anand_vihar,_delhi_-_dpcc_1H.csv",sheet1,"Anand Vihar, Delhi - DPCC",NO2 (µg/m³),NO2,0.33,497.6,81.9033,71.15,0,0,4,13.92
"Anand Vihar, Delhi - DPCC/Raw Data/2024_raw_data_hourly_anand_vihar,_delhi_-_dpcc_1H.csv",sheet1,"Anand Vihar, Delhi - DPCC",NOx (ppb),NOx,0.0,494.5,96.0932,69.075,8,0,2,13.87
"Anand Vihar, Delhi - DPCC/Raw Data/2024_raw_data_hourly_anand_vihar,_delhi_-_dpcc_1H.csv",sheet1,"Anand Vihar, Delhi - DPCC",NH3 (µg/m³),NH3,0.1,279.5,37.1389,30.4,0,0,2,13.65
"Anand Vihar, Delhi - DPCC/Raw Data/2024_raw_data_hourly_anand_vihar,_delhi_-_dpcc_1H.csv",sheet1,"Anand Vihar, Delhi - DPCC",SO2 (µg/m³),SO2,0.1,154.9,17.5047,15.58,0,0,5,20.06
"Anand Vihar, Delhi - DPCC/Raw Data/2024_raw_data_hourly_anand_vihar,_delhi_-_dpcc_1H.csv",sheet1,"Anand Vihar, Delhi - DPCC",CO (mg/m³),CO,0.0,9.65,2.1072,1.69,1,0,0,15.0
"Anand Vihar, Delhi - DPCC/Raw Data/2024_raw_data_hourly_anand_vihar,_delhi_-_dpcc_1H.csv",sheet1,"Anand Vihar, Delhi - DPCC",Ozone (µg/m³),O3,0.4,483.2,42.105,25.82,0,0,4,17.68
"Anand Vihar, Delhi - DPCC/Raw Data/2024_raw_data_hourly_anand_vihar,_delhi_-_dpcc_1H.csv",sheet1,"Anand Vihar, Delhi - DPCC",Benzene (µg/m³),Benzene,0.0,60.8,2.573,1.35,151,0,5,16.66
"Anand Vihar, Delhi - DPCC/Raw Data/2024_raw_data_hourly_anand_vihar,_delhi_-_dpcc_1H.csv",sheet1,"Anand Vihar, Delhi - DPCC",Toluene (µg/m³),Toluene,0.0,459.1,37.7722,27.28,148,0,6,17.45
"Anand Vihar, Delhi - DPCC/Raw Data/2024_raw_data_hourly_anand_vihar,_delhi_-_dpcc_1H.csv",sheet1,"Anand Vihar, Delhi - DPCC",Xylene (µg/m³),Xylene,,,,,,,,
"Anand Vihar, Delhi - DPCC/Raw Data/2024_raw_data_hourly_anand_vihar,_delhi_-_dpcc_1H.csv",sheet1,"Anand Vihar, Delhi - DPCC",O Xylene (µg/m³),Xylene,,,,,,,,
"Anand Vihar, Delhi - DPCC/Raw Data/2024_raw_data_hourly_anand_vihar,_delhi_-_dpcc_1H.csv",sheet1,"Anand Vihar, Delhi - DPCC",Eth-Benzene (µg/m³),Benzene,,,,,,,,
"Anand Vihar, Delhi - DPCC/Raw Data/2024_raw_data_hourly_anand_vihar,_delhi_-_dpcc_1H.csv",sheet1,"Anand Vihar, Delhi - DPCC",MP-Xylene (µg/m³),Xylene,,,,,,,,
"Anand Vihar, Delhi - DPCC/Raw Data/2024_raw_data_hourly_anand_vihar,_delhi_-_dpcc_1H.csv",sheet1,"Anand Vihar, Delhi - DPCC",AT (°C),Temp_C,0.8,47.22,27.0614,30.38,0,0,0,13.3
"Anand Vihar, Delhi - DPCC/Raw Data/2024_raw_data_hourly_anand_vihar,_delhi_-_dpcc_1H.csv",sheet1,"Anand Vihar, Delhi - DPCC",RH (%),RH_pct,11.0,94.5,61.0404,61.75,0,0,0,13.3
"Anand Vihar, Delhi - DPCC/Raw Data/2024_raw_data_hourly_anand_vihar,_delhi_-_dpcc_1H.csv",sheet1,"Anand Vihar, Delhi - DPCC",WS (m/s),WindSpeed,0.3,16.27,0.7158,0.38,0,0,0,15.12
"Anand Vihar, Delhi - DPCC/Raw Data/2024_raw_data_hourly_anand_vihar,_delhi_-_dpcc_1H.csv",sheet1,"Anand Vihar, Delhi - DPCC",WD (deg),WindDir,1.0,359.0,124.0935,101.75,0,0,11,13.3
"Anand Vihar, Delhi - DPCC/Raw Data/2024_raw_data_hourly_anand_vihar,_delhi_-_dpcc_1H.csv",sheet1,"Anand Vihar, Delhi - DPCC",RF (mm),Rainfall,,,,,,,,
"Anand Vihar, Delhi - DPCC/Raw Data/2024_raw_data_hourly_anand_vihar,_delhi_-_dpcc_1H.csv",sheet1,"Anand Vihar, Delhi - DPCC",TOT-RF (mm),TotalRainfall,0.0,0.0,0.0,0.0,8784,0,0,0.0
"Anand Vihar, Delhi - DPCC/Raw Data/2024_raw_data_hourly_anand_vihar,_delhi_-_dpcc_1H.csv",sheet1,"Anand Vihar, Delhi - DPCC",SR (W/mt2),SolarRad,1.0,518.0,131.8153,38.75,0,0,20,13.33
"Anand Vihar, Delhi - DPCC/Raw Data/2024_raw_data_hourly_anand_vihar,_delhi_-_dpcc_1H.csv",sheet1,"Anand Vihar, Delhi - DPCC",BP (mmHg),BaroPressure,732.0,768.5,739.5971,740.0,0,0,0,13.33
"Anand Vihar, Delhi - DPCC/Raw Data/2024_raw_data_hourly_anand_vihar,_delhi_-_dpcc_1H.csv",sheet1,"Anand Vihar, Delhi - DPCC",VWS (m/s),VWS,,,,,,,,
"Anand Vihar, Delhi - DPCC/Raw Data/2025_raw_data_hourly_anand_vihar,_delhi_-_dpcc_1H.csv",sheet1,"Anand Vihar, Delhi - DPCC",PM2.5 (µg/m³),PM2.5,1.0,830.0,121.878,76.0,0,0,36,7.03
"Anand Vihar, Delhi - DPCC/Raw Data/2025_raw_data_hourly_anand_vihar,_delhi_-_dpcc_1H.csv",sheet1,"Anand Vihar, Delhi - DPCC",PM10 (µg/m³),PM10,1.0,998.0,262.4119,219.0,0,0,28,6.94
"Anand Vihar, Delhi - DPCC/Raw Data/2025_raw_data_hourly_anand_vihar,_delhi_-_dpcc_1H.csv",sheet1,"Anand Vihar, Delhi - DPCC",NO (µg/m³),NO,0.4,497.55,55.574,22.52,0,0,8,6.63
"Anand Vihar, Delhi - DPCC/Raw Data/2025_raw_data_hourly_anand_vihar,_delhi_-_dpcc_1H.csv",sheet1,"Anand Vihar, Delhi - DPCC",NO2 (µg/m³),NO2,0.6,498.9,64.459,56.9,0,0,0,5.38
"Anand Vihar, Delhi - DPCC/Raw Data/2025_raw_data_hourly_anand_vihar,_delhi_-_dpcc_1H.csv",sheet1,"Anand Vihar, Delhi - DPCC",NOx (ppb),NOx,0.0,499.0,78.7138,50.09,12,0,1,5.57
"Anand Vihar, Delhi - DPCC/Raw Data/2025_raw_data_hourly_anand_vihar,_delhi_-_dpcc_1H.csv",sheet1,"Anand Vihar, Delhi - DPCC",NH3 (µg/m³),NH3,0.1,320.2,39.052,36.31,0,0,1,5.11
"Anand Vihar, Delhi - DPCC/Raw Data/2025_raw_data_hourly_anand_vihar,_delhi_-_dpcc_1H.csv",sheet1,"Anand Vihar, Delhi - DPCC",SO2 (µg/m³),SO2,0.1,197.15,25.666,22.58,0,0,5,12.17
"Anand Vihar, Delhi - DPCC/Raw Data/2025_raw_data_hourly_anand_vihar,_delhi_-_dpcc_1H.csv",sheet1,"Anand Vihar, Delhi - DPCC",CO (mg/m³),CO,0.0,9.76,2.0062,1.6,43,0,1,5.32
"Anand Vihar, Delhi - DPCC/Raw Data/2025_raw_data_hourly_anand_vihar,_delhi_-_dpcc_1H.csv",sheet1,"Anand Vihar, Delhi - DPCC",Ozone (µg/m³),O3,0.1,138.08,13.8219,9.93,0,0,9,7.71
"Anand Vihar, Delhi - DPCC/Raw Data/2025_raw_data_hourly_anand_vihar,_delhi_-_dpcc_1H.csv",sheet1,"Anand Vihar, Delhi - DPCC",Benzene (µg/m³),Benzene,0.0,68.78,3.1577,1.9,88,0,4,7.1
"Anand Vihar, Delhi - DPCC/Raw Data/2025_raw_data_hourly_anand_vihar,_delhi_-_dpcc_1H.csv",sheet1,"Anand Vihar, Delhi - DPCC",Toluene (µg/m³),Toluene,0.0,279.15,31.6571,23.22,88,0,5,7.1
"Anand Vihar, Delhi - DPCC/Raw Data/2025_raw_data_hourly_anand_vihar,_delhi_-_dpcc_1H.csv",sheet1,"Anand Vihar, Delhi - DPCC",Xylene (µg/m³),Xylene,,,,,,,,
"Anand Vihar, Delhi - DPCC/Raw Data/2025_raw_data_hourly_anand_vihar,_delhi_-_dpcc_1H.csv",sheet1,"Anand Vihar, Delhi - DPCC",O Xylene (µg/m³),Xylene,,,,,,,,
"Anand Vihar, Delhi - DPCC/Raw Data/2025_raw_data_hourly_anand_vihar,_delhi_-_dpcc_1H.csv",sheet1,"Anand Vihar, Delhi - DPCC",Eth-Benzene (µg/m³),Benzene,,,,,,,,
"Anand Vihar, Delhi - DPCC/Raw Data/2025_raw_data_hourly_anand_vihar,_delhi_-_dpcc_1H.csv",sheet1,"Anand Vihar, Delhi - DPCC",MP-Xylene (µg/m³),Xylene,,,,,,,,
"Anand Vihar, Delhi - DPCC/Raw Data/2025_raw_data_hourly_anand_vihar,_delhi_-_dpcc_1H.csv",sheet1,"Anand Vihar, Delhi - DPCC",AT (°C),Temp_C,10.6,40.15,26.3297,27.64,0,0,0,4.5
"Anand Vihar, Delhi - DPCC/Raw Data/2025_raw_data_hourly_anand_vihar,_delhi_-_dpcc_1H.csv",sheet1,"Anand Vihar, Delhi - DPCC",RH (%),RH_pct,27.0,97.0,63.0765,63.0,0,0,0,4.57
"Anand Vihar, Delhi - DPCC/Raw Data/2025_raw_data_hourly_anand_vihar,_delhi_-_dpcc_1H.csv",sheet1,"Anand Vihar, Delhi - DPCC",WS (m/s),WindSpeed,0.3,36.6,0.8264,0.35,0,0,0,4.68
"Anand Vihar, Delhi - DPCC/Raw Data/2025_raw_data_hourly_anand_vihar,_delhi_-_dpcc_1H.csv",sheet1,"Anand Vihar, Delhi - DPCC",WD (deg),WindDir,1.0,359.0,165.0466,163.25,0,0,17,5.23
"Anand Vihar, Delhi - DPCC/Raw Data/2025_raw_data_hourly_anand_vihar,_delhi_-_dpcc_1H.csv",sheet1,"Anand Vihar, Delhi - DPCC",RF (mm),Rainfall,,,,,,,,
"Anand Vihar, Delhi - DPCC/Raw Data/2025_raw_data_hourly_anand_vihar,_delhi_-_dpcc_1H.csv",sheet1,"Anand Vihar, Delhi - DPCC",TOT-RF (mm),TotalRainfall,0.0,0.0,0.0,0.0,8760,0,0,0.0
"Anand Vihar, Delhi - DPCC/Raw Data/2025_raw_data_hourly_anand_vihar,_delhi_-_dpcc_1H.csv",sheet1,"Anand Vihar, Delhi - DPCC",SR (W/mt2),SolarRad,3.0,615.5,135.9473,49.0,0,0,13,4.57
"Anand Vihar, Delhi - DPCC/Raw Data/2025_raw_data_hourly_anand_vihar,_delhi_-_dpcc_1H.csv",sheet1,"Anand Vihar, Delhi - DPCC",BP (mmHg),BaroPressure,719.5,755.0,737.6506,737.0,0,0,0,4.57
"Anand Vihar, Delhi - DPCC/Raw Data/2025_raw_data_hourly_anand_vihar,_delhi_-_dpcc_1H.csv",sheet1,"Anand Vihar, Delhi - DPCC",VWS (m/s),VWS,,,,,,,,
"Anand Vihar, Delhi - DPCC/Raw Data/2026_raw_data_hourly_anand_vihar,_delhi_-_dpcc_1H.csv",sheet1,"Anand Vihar, Delhi - DPCC",PM2.5 (µg/m³),PM2.5,1.0,890.0,109.7486,85.0,0,0,25,5.92
"Anand Vihar, Delhi - DPCC/Raw Data/2026_raw_data_hourly_anand_vihar,_delhi_-_dpcc_1H.csv",sheet1,"Anand Vihar, Delhi - DPCC",PM10 (µg/m³),PM10,10.0,984.0,292.6576,264.0,0,0,4,6.58
"Anand Vihar, Delhi - DPCC/Raw Data/2026_raw_data_hourly_anand_vihar,_delhi_-_dpcc_1H.csv",sheet1,"Anand Vihar, Delhi - DPCC",NO (µg/m³),NO,0.0,489.0,37.2883,15.33,12,0,45,5.82
"Anand Vihar, Delhi - DPCC/Raw Data/2026_raw_data_hourly_anand_vihar,_delhi_-_dpcc_1H.csv",sheet1,"Anand Vihar, Delhi - DPCC",NO2 (µg/m³),NO2,0.0,489.0,44.3395,38.93,10,0,19,4.99
"Anand Vihar, Delhi - DPCC/Raw Data/2026_raw_data_hourly_anand_vihar,_delhi_-_dpcc_1H.csv",sheet1,"Anand Vihar, Delhi - DPCC",NOx (ppb),NOx,0.0,467.5,52.5053,33.0,22,0,17,4.3
"Anand Vihar, Delhi - DPCC/Raw Data/2026_raw_data_hourly_anand_vihar,_delhi_-_dpcc_1H.csv",sheet1,"Anand Vihar, Delhi - DPCC",NH3 (µg/m³),NH3,0.0,243.67,29.7651,27.0,1,0,13,4.32
"Anand Vihar, Delhi - DPCC/Raw Data/2026_raw_data_hourly_anand_vihar,_delhi_-_dpcc_1H.csv",sheet1,"Anand Vihar, Delhi - DPCC",SO2 (µg/m³),SO2,0.0,79.95,21.0832,21.0,8,0,18,4.4
"Anand Vihar, Delhi - DPCC/Raw Data/2026_raw_data_hourly_anand_vihar,_delhi_-_dpcc_1H.csv",sheet1,"Anand Vihar, Delhi - DPCC",CO (mg/m³),CO,0.0,9.0,1.4079,1.0,691,0,1,4.76
"Anand Vihar, Delhi - DPCC/Raw Data/2026_raw_data_hourly_anand_vihar,_delhi_-_dpcc_1H.csv",sheet1,"Anand Vihar, Delhi - DPCC",Ozone (µg/m³),O3,0.0,932.0,15.7487,10.87,20,0,62,5.72
"Anand Vihar, Delhi - DPCC/Raw Data/2026_raw_data_hourly_anand_vihar,_delhi_-_dpcc_1H.csv",sheet1,"Anand Vihar, Delhi - DPCC",Benzene (µg/m³),Benzene,0.0,35.67,2.5534,1.78,200,0,20,4.8
"Anand Vihar, Delhi - DPCC/Raw Data/2026_raw_data_hourly_anand_vihar,_delhi_-_dpcc_1H.csv",sheet1,"Anand Vihar, Delhi - DPCC",Toluene (µg/m³),Toluene,0.0,119.25,17.6438,10.15,132,0,25,4.8
"Anand Vihar, Delhi - DPCC/Raw Data/2026_raw_data_hourly_anand_vihar,_delhi_-_dpcc_1H.csv",sheet1,"Anand Vihar, Delhi - DPCC",Xylene (µg/m³),Xylene,,,,,,,,
"Anand Vihar, Delhi - DPCC/Raw Data/2026_raw_data_hourly_anand_vihar,_delhi_-_dpcc_1H.csv",sheet1,"Anand Vihar, Delhi - DPCC",O Xylene (µg/m³),Xylene,,,,,,,,
"Anand Vihar, Delhi - DPCC/Raw Data/2026_raw_data_hourly_anand_vihar,_delhi_-_dpcc_1H.csv",sheet1,"Anand Vihar, Delhi - DPCC",Eth-Benzene (µg/m³),Benzene,,,,,,,,
"Anand Vihar, Delhi - DPCC/Raw Data/2026_raw_data_hourly_anand_vihar,_delhi_-_dpcc_1H.csv",sheet1,"Anand Vihar, Delhi - DPCC",MP-Xylene (µg/m³),Xylene,0.0,304.75,4.0206,2.0,498,0,17,15.33
"Anand Vihar, Delhi - DPCC/Raw Data/2026_raw_data_hourly_anand_vihar,_delhi_-_dpcc_1H.csv",sheet1,"Anand Vihar, Delhi - DPCC",AT (°C),Temp_C,7.25,42.3,25.4427,28.0,0,0,16,3.09
"Anand Vihar, Delhi - DPCC/Raw Data/2026_raw_data_hourly_anand_vihar,_delhi_-_dpcc_1H.csv",sheet1,"Anand Vihar, Delhi - DPCC",RH (%),RH_pct,27.0,96.0,57.8918,56.0,0,0,0,3.09
"Anand Vihar, Delhi - DPCC/Raw Data/2026_raw_data_hourly_anand_vihar,_delhi_-_dpcc_1H.csv",sheet1,"Anand Vihar, Delhi - DPCC",WS (m/s),WindSpeed,0.0,2.75,0.2354,0.0,2599,0,0,3.09
"Anand Vihar, Delhi - DPCC/Raw Data/2026_raw_data_hourly_anand_vihar,_delhi_-_dpcc_1H.csv",sheet1,"Anand Vihar, Delhi - DPCC",WD (deg),WindDir,1.0,353.5,169.8121,161.875,0,0,8,3.38
"Anand Vihar, Delhi - DPCC/Raw Data/2026_raw_data_hourly_anand_vihar,_delhi_-_dpcc_1H.csv",sheet1,"Anand Vihar, Delhi - DPCC",RF (mm),Rainfall,,,,,,,,
"Anand Vihar, Delhi - DPCC/Raw Data/2026_raw_data_hourly_anand_vihar,_delhi_-_dpcc_1H.csv",sheet1,"Anand Vihar, Delhi - DPCC",TOT-RF (mm),TotalRainfall,,,,,,,,
"Anand Vihar, Delhi - DPCC/Raw Data/2026_raw_data_hourly_anand_vihar,_delhi_-_dpcc_1H.csv",sheet1,"Anand Vihar, Delhi - DPCC",SR (W/mt2),SolarRad,3.5,586.5,132.4508,22.75,0,0,130,3.2
"Anand Vihar, Delhi - DPCC/Raw Data/2026_raw_data_hourly_anand_vihar,_delhi_-_dpcc_1H.csv",sheet1,"Anand Vihar, Delhi - DPCC",BP (mmHg),BaroPressure,705.0,778.25,737.2443,739.5,0,0,0,4.8
"Anand Vihar, Delhi - DPCC/Raw Data/2026_raw_data_hourly_anand_vihar,_delhi_-_dpcc_1H.csv",sheet1,"Anand Vihar, Delhi - DPCC",VWS (m/s),VWS,0.0,1.0,0.3681,0.0,2788,0,0,13.25
"Bawana, Delhi - DPCC/Raw Data/2024_raw_data_hourly_bawana,_delhi_-_dpcc_1H.csv",sheet1,"Bawana, Delhi - DPCC",PM2.5 (µg/m³),PM2.5,2.0,975.0,125.0718,86.0,0,0,44,2.03
"Bawana, Delhi - DPCC/Raw Data/2024_raw_data_hourly_bawana,_delhi_-_dpcc_1H.csv",sheet1,"Bawana, Delhi - DPCC",PM10 (µg/m³),PM10,1.0,991.0,236.2954,202.0,0,0,22,1.74
"Bawana, Delhi - DPCC/Raw Data/2024_raw_data_hourly_bawana,_delhi_-_dpcc_1H.csv",sheet1,"Bawana, Delhi - DPCC",NO (µg/m³),NO,0.1,233.6,8.1969,3.8,0,0,7,1.66
"Bawana, Delhi - DPCC/Raw Data/2024_raw_data_hourly_bawana,_delhi_-_dpcc_1H.csv",sheet1,"Bawana, Delhi - DPCC",NO2 (µg/m³),NO2,0.9,420.45,27.8742,21.465,0,0,8,1.48
"Bawana, Delhi - DPCC/Raw Data/2024_raw_data_hourly_bawana,_delhi_-_dpcc_1H.csv",sheet1,"Bawana, Delhi - DPCC",NOx (ppb),NOx,0.0,461.8,21.5469,14.9,4,0,7,1.46
"Bawana, Delhi - DPCC/Raw Data/2024_raw_data_hourly_bawana,_delhi_-_dpcc_1H.csv",sheet1,"Bawana, Delhi - DPCC",NH3 (µg/m³),NH3,0.1,292.3,31.9204,28.68,0,0,1,1.5
"Bawana, Delhi - DPCC/Raw Data/2024_raw_data_hourly_bawana,_delhi_-_dpcc_1H.csv",sheet1,"Bawana, Delhi - DPCC",SO2 (µg/m³),SO2,0.1,167.3,11.7044,8.25,0,0,17,2.02
"Bawana, Delhi - DPCC/Raw Data/2024_raw_data_hourly_bawana,_delhi_-_dpcc_1H.csv",sheet1,"Bawana, Delhi - DPCC",CO (mg/m³),CO,0.0,9.02,1.1612,1.02,1,0,0,1.68
"Bawana, Delhi - DPCC/Raw Data/2024_raw_data_hourly_bawana,_delhi_-_dpcc_1H.csv",sheet1,"Bawana, Delhi - DPCC",Ozone (µg/m³),O3,0.4,250.12,41.4167,26.4,0,0,11,1.65
"Bawana, Delhi - DPCC/Raw Data/2024_raw_data_hourly_bawana,_delhi_-_dpcc_1H.csv",sheet1,"Bawana, Delhi - DPCC",Benzene (µg/m³),Benzene,0.0,36.22,2.0003,1.38,52,0,1,1.24
"Bawana, Delhi - DPCC/Raw Data/2024_raw_data_hourly_bawana,_delhi_-_dpcc_1H.csv",sheet1,"Bawana, Delhi - DPCC",Toluene (µg/m³),Toluene,0.45,240.58,23.0897,12.3,0,0,6,1.24
"Bawana, Delhi - DPCC/Raw Data/2024_raw_data_hourly_bawana,_delhi_-_dpcc_1H.csv",sheet1,"Bawana, Delhi - DPCC",Xylene (µg/m³),Xylene,,,,,,,,
"Bawana, Delhi - DPCC/Raw Data/2024_raw_data_hourly_bawana,_delhi_-_dpcc_1H.csv",sheet1,"Bawana, Delhi - DPCC",O Xylene (µg/m³),Xylene,,,,,,,,
"Bawana, Delhi - DPCC/Raw Data/2024_raw_data_hourly_bawana,_delhi_-_dpcc_1H.csv",sheet1,"Bawana, Delhi - DPCC",Eth-Benzene (µg/m³),Benzene,,,,,,,,
"Bawana, Delhi - DPCC/Raw Data/2024_raw_data_hourly_bawana,_delhi_-_dpcc_1H.csv",sheet1,"Bawana, Delhi - DPCC",MP-Xylene (µg/m³),Xylene,,,,,,,,
"Bawana, Delhi - DPCC/Raw Data/2024_raw_data_hourly_bawana,_delhi_-_dpcc_1H.csv",sheet1,"Bawana, Delhi - DPCC",AT (°C),Temp_C,5.05,48.08,25.3918,28.2,0,0,5,0.42
"Bawana, Delhi - DPCC/Raw Data/2024_raw_data_hourly_bawana,_delhi_-_dpcc_1H.csv",sheet1,"Bawana, Delhi - DPCC",RH (%),RH_pct,22.0,91.0,62.3374,64.25,0,0,0,0.42
"Bawana, Delhi - DPCC/Raw Data/2024_raw_data_hourly_bawana,_delhi_-_dpcc_1H.csv",sheet1,"Bawana, Delhi - DPCC",WS (m/s),WindSpeed,0.1,5.7,1.2801,1.1,0,0,0,4.68
"Bawana, Delhi - DPCC/Raw Data/2024_raw_data_hourly_bawana,_delhi_-_dpcc_1H.csv",sheet1,"Bawana, Delhi - DPCC",WD (deg),WindDir,1.0,342.83,188.7065,179.75,0,0,5,1.7
"Bawana, Delhi - DPCC/Raw Data/2024_raw_data_hourly_bawana,_delhi_-_dpcc_1H.csv",sheet1,"Bawana, Delhi - DPCC",RF (mm),Rainfall,0.0,17.38,0.0263,0.0,8302,0,0,0.42
"Bawana, Delhi - DPCC/Raw Data/2024_raw_data_hourly_bawana,_delhi_-_dpcc_1H.csv",sheet1,"Bawana, Delhi - DPCC",TOT-RF (mm),TotalRainfall,0.0,17.38,0.0259,0.0,8339,0,0,0.0
"Bawana, Delhi - DPCC/Raw Data/2024_raw_data_hourly_bawana,_delhi_-_dpcc_1H.csv",sheet1,"Bawana, Delhi - DPCC",SR (W/mt2),SolarRad,5.0,703.0,113.9286,10.25,0,0,24,0.42
"Bawana, Delhi - DPCC/Raw Data/2024_raw_data_hourly_bawana,_delhi_-_dpcc_1H.csv",sheet1,"Bawana, Delhi - DPCC",BP (mmHg),BaroPressure,966.25,999.0,989.7818,990.0,0,0,773,0.42
"Bawana, Delhi - DPCC/Raw Data/2024_raw_data_hourly_bawana,_delhi_-_dpcc_1H.csv",sheet1,"Bawana, Delhi - DPCC",VWS (m/s),VWS,,,,,,,,
"Bawana, Delhi - DPCC/Raw Data/2025_raw_data_hourly_bawana,_delhi_-_dpcc_1H.csv",sheet1,"Bawana, Delhi - DPCC",PM2.5 (µg/m³),PM2.5,1.0,994.0,123.4426,81.0,0,0,42,2.28
"Bawana, Delhi - DPCC/Raw Data/2025_raw_data_hourly_bawana,_delhi_-_dpcc_1H.csv",sheet1,"Bawana, Delhi - DPCC",PM10 (µg/m³),PM10,1.0,996.0,208.6429,172.0,0,0,41,2.11
"Bawana, Delhi - DPCC/Raw Data/2025_raw_data_hourly_bawana,_delhi_-_dpcc_1H.csv",sheet1,"Bawana, Delhi - DPCC",NO (µg/m³),NO,0.1,238.08,7.9914,3.82,0,0,6,1.46
"Bawana, Delhi - DPCC/Raw Data/2025_raw_data_hourly_bawana,_delhi_-_dpcc_1H.csv",sheet1,"Bawana, Delhi - DPCC",NO2 (µg/m³),NO2,0.1,131.02,21.9778,16.2,0,0,15,0.65
"Bawana, Delhi - DPCC/Raw Data/2025_raw_data_hourly_bawana,_delhi_-_dpcc_1H.csv",sheet1,"Bawana, Delhi - DPCC",NOx (ppb),NOx,0.0,220.68,18.0902,11.82,3,0,12,0.47
"Bawana, Delhi - DPCC/Raw Data/2025_raw_data_hourly_bawana,_delhi_-_dpcc_1H.csv",sheet1,"Bawana, Delhi - DPCC",NH3 (µg/m³),NH3,0.15,203.05,29.1467,26.75,0,0,0,0.56
"Bawana, Delhi - DPCC/Raw Data/2025_raw_data_hourly_bawana,_delhi_-_dpcc_1H.csv",sheet1,"Bawana, Delhi - DPCC",SO2 (µg/m³),SO2,0.1,182.1,10.5661,7.92,0,0,14,1.08
"Bawana, Delhi - DPCC/Raw Data/2025_raw_data_hourly_bawana,_delhi_-_dpcc_1H.csv",sheet1,"Bawana, Delhi - DPCC",CO (mg/m³),CO,0.0,8.17,1.1182,0.94,24,0,0,1.14
"Bawana, Delhi - DPCC/Raw Data/2025_raw_data_hourly_bawana,_delhi_-_dpcc_1H.csv",sheet1,"Bawana, Delhi - DPCC",Ozone (µg/m³),O3,0.1,329.42,36.1256,16.88,0,0,7,0.94
"Bawana, Delhi - DPCC/Raw Data/2025_raw_data_hourly_bawana,_delhi_-_dpcc_1H.csv",sheet1,"Bawana, Delhi - DPCC",Benzene (µg/m³),Benzene,0.0,446.7,2.9637,1.12,338,0,3,0.98
"Bawana, Delhi - DPCC/Raw Data/2025_raw_data_hourly_bawana,_delhi_-_dpcc_1H.csv",sheet1,"Bawana, Delhi - DPCC",Toluene (µg/m³),Toluene,0.0,412.4,20.7296,8.1,85,0,10,0.96
"Bawana, Delhi - DPCC/Raw Data/2025_raw_data_hourly_bawana,_delhi_-_dpcc_1H.csv",sheet1,"Bawana, Delhi - DPCC",Xylene (µg/m³),Xylene,,,,,,,,
"Bawana, Delhi - DPCC/Raw Data/2025_raw_data_hourly_bawana,_delhi_-_dpcc_1H.csv",sheet1,"Bawana, Delhi - DPCC",O Xylene (µg/m³),Xylene,,,,,,,,
"Bawana, Delhi - DPCC/Raw Data/2025_raw_data_hourly_bawana,_delhi_-_dpcc_1H.csv",sheet1,"Bawana, Delhi - DPCC",Eth-Benzene (µg/m³),Benzene,,,,,,,,
"Bawana, Delhi - DPCC/Raw Data/2025_raw_data_hourly_bawana,_delhi_-_dpcc_1H.csv",sheet1,"Bawana, Delhi - DPCC",MP-Xylene (µg/m³),Xylene,,,,,,,,
"Bawana, Delhi - DPCC/Raw Data/2025_raw_data_hourly_bawana,_delhi_-_dpcc_1H.csv",sheet1,"Bawana, Delhi - DPCC",AT (°C),Temp_C,10.28,41.28,26.0356,28.8,0,0,0,0.41
"Bawana, Delhi - DPCC/Raw Data/2025_raw_data_hourly_bawana,_delhi_-_dpcc_1H.csv",sheet1,"Bawana, Delhi - DPCC",RH (%),RH_pct,23.5,95.0,67.3884,69.0,0,0,0,0.41
"Bawana, Delhi - DPCC/Raw Data/2025_raw_data_hourly_bawana,_delhi_-_dpcc_1H.csv",sheet1,"Bawana, Delhi - DPCC",WS (m/s),WindSpeed,0.1,6.78,1.3075,1.0,0,0,0,5.91
"Bawana, Delhi - DPCC/Raw Data/2025_raw_data_hourly_bawana,_delhi_-_dpcc_1H.csv",sheet1,"Bawana, Delhi - DPCC",WD (deg),WindDir,1.0,329.25,180.3459,183.5,0,0,7,2.28
"Bawana, Delhi - DPCC/Raw Data/2025_raw_data_hourly_bawana,_delhi_-_dpcc_1H.csv",sheet1,"Bawana, Delhi - DPCC",RF (mm),Rainfall,0.0,23.75,0.0654,0.0,8253,0,0,0.41
"Bawana, Delhi - DPCC/Raw Data/2025_raw_data_hourly_bawana,_delhi_-_dpcc_1H.csv",sheet1,"Bawana, Delhi - DPCC",TOT-RF (mm),TotalRainfall,0.0,95.0,0.2592,0.0,8289,0,5,0.0
"Bawana, Delhi - DPCC/Raw Data/2025_raw_data_hourly_bawana,_delhi_-_dpcc_1H.csv",sheet1,"Bawana, Delhi - DPCC",SR (W/mt2),SolarRad,5.0,691.5,106.7777,9.5,0,0,21,0.41
"Bawana, Delhi - DPCC/Raw Data/2025_raw_data_hourly_bawana,_delhi_-_dpcc_1H.csv",sheet1,"Bawana, Delhi - DPCC",BP (mmHg),BaroPressure,971.25,999.0,991.0902,993.0,0,0,151,0.41
"Bawana, Delhi - DPCC/Raw Data/2025_raw_data_hourly_bawana,_delhi_-_dpcc_1H.csv",sheet1,"Bawana, Delhi - DPCC",VWS (m/s),VWS,,,,,,,,
"Bawana, Delhi - DPCC/Raw Data/2026_raw_data_hourly_bawana,_delhi_-_dpcc_1H.csv",sheet1,"Bawana, Delhi - DPCC",PM2.5 (µg/m³),PM2.5,1.0,506.0,94.9323,72.0,0,0,25,6.13
"Bawana, Delhi - DPCC/Raw Data/2026_raw_data_hourly_bawana,_delhi_-_dpcc_1H.csv",sheet1,"Bawana, Delhi - DPCC",PM10 (µg/m³),PM10,8.0,986.0,202.4461,173.5,0,0,19,4.76
"Bawana, Delhi - DPCC/Raw Data/2026_raw_data_hourly_bawana,_delhi_-_dpcc_1H.csv",sheet1,"Bawana, Delhi - DPCC",NO (µg/m³),NO,0.0,122.25,6.0444,3.45,129,0,11,4.32
"Bawana, Delhi - DPCC/Raw Data/2026_raw_data_hourly_bawana,_delhi_-_dpcc_1H.csv",sheet1,"Bawana, Delhi - DPCC",NO2 (µg/m³),NO2,1.0,107.25,17.4599,13.565,0,0,32,3.18
"Bawana, Delhi - DPCC/Raw Data/2026_raw_data_hourly_bawana,_delhi_-_dpcc_1H.csv",sheet1,"Bawana, Delhi - DPCC",NOx (ppb),NOx,0.0,120.25,14.2188,10.0,2,0,50,3.18
"Bawana, Delhi - DPCC/Raw Data/2026_raw_data_hourly_bawana,_delhi_-_dpcc_1H.csv",sheet1,"Bawana, Delhi - DPCC",NH3 (µg/m³),NH3,0.2,197.53,27.2055,25.83,0,0,1,3.28
"Bawana, Delhi - DPCC/Raw Data/2026_raw_data_hourly_bawana,_delhi_-_dpcc_1H.csv",sheet1,"Bawana, Delhi - DPCC",SO2 (µg/m³),SO2,2.2,111.25,12.0888,9.0,0,0,108,3.2
"Bawana, Delhi - DPCC/Raw Data/2026_raw_data_hourly_bawana,_delhi_-_dpcc_1H.csv",sheet1,"Bawana, Delhi - DPCC",CO (mg/m³),CO,0.0,6.0,0.7129,0.79,1414,0,0,3.46
"Bawana, Delhi - DPCC/Raw Data/2026_raw_data_hourly_bawana,_delhi_-_dpcc_1H.csv",sheet1,"Bawana, Delhi - DPCC",Ozone (µg/m³),O3,0.0,180.5,24.6216,15.6,3,0,25,3.11
"Bawana, Delhi - DPCC/Raw Data/2026_raw_data_hourly_bawana,_delhi_-_dpcc_1H.csv",sheet1,"Bawana, Delhi - DPCC",Benzene (µg/m³),Benzene,0.0,239.33,1.6492,1.0,756,0,8,4.03
"Bawana, Delhi - DPCC/Raw Data/2026_raw_data_hourly_bawana,_delhi_-_dpcc_1H.csv",sheet1,"Bawana, Delhi - DPCC",Toluene (µg/m³),Toluene,0.0,230.75,14.6252,5.75,73,0,31,4.03
"Bawana, Delhi - DPCC/Raw Data/2026_raw_data_hourly_bawana,_delhi_-_dpcc_1H.csv",sheet1,"Bawana, Delhi - DPCC",Xylene (µg/m³),Xylene,,,,,,,,
"Bawana, Delhi - DPCC/Raw Data/2026_raw_data_hourly_bawana,_delhi_-_dpcc_1H.csv",sheet1,"Bawana, Delhi - DPCC",O Xylene (µg/m³),Xylene,0.0,755.0,2.1058,0.08,1963,0,7,12.52
"Bawana, Delhi - DPCC/Raw Data/2026_raw_data_hourly_bawana,_delhi_-_dpcc_1H.csv",sheet1,"Bawana, Delhi - DPCC",Eth-Benzene (µg/m³),Benzene,0.0,652.0,3.0475,0.75,1191,0,14,12.79
"Bawana, Delhi - DPCC/Raw Data/2026_raw_data_hourly_bawana,_delhi_-_dpcc_1H.csv",sheet1,"Bawana, Delhi - DPCC",MP-Xylene (µg/m³),Xylene,0.0,1479.0,1.8056,0.0,2386,0,3,12.72
"Bawana, Delhi - DPCC/Raw Data/2026_raw_data_hourly_bawana,_delhi_-_dpcc_1H.csv",sheet1,"Bawana, Delhi - DPCC",AT (°C),Temp_C,6.0,42.23,24.5104,27.0,0,0,87,3.38
"Bawana, Delhi - DPCC/Raw Data/2026_raw_data_hourly_bawana,_delhi_-_dpcc_1H.csv",sheet1,"Bawana, Delhi - DPCC",RH (%),RH_pct,25.5,95.0,62.6203,60.5,0,0,0,3.38
"Bawana, Delhi - DPCC/Raw Data/2026_raw_data_hourly_bawana,_delhi_-_dpcc_1H.csv",sheet1,"Bawana, Delhi - DPCC",WS (m/s),WindSpeed,0.0,7.5,0.8452,0.5,1554,0,0,3.38
"Bawana, Delhi - DPCC/Raw Data/2026_raw_data_hourly_bawana,_delhi_-_dpcc_1H.csv",sheet1,"Bawana, Delhi - DPCC",WD (deg),WindDir,8.25,321.0,193.0439,209.25,0,0,2,3.38
"Bawana, Delhi - DPCC/Raw Data/2026_raw_data_hourly_bawana,_delhi_-_dpcc_1H.csv",sheet1,"Bawana, Delhi - DPCC",RF (mm),Rainfall,0.0,7.38,0.0139,0.0,4867,0,0,3.38
"Bawana, Delhi - DPCC/Raw Data/2026_raw_data_hourly_bawana,_delhi_-_dpcc_1H.csv",sheet1,"Bawana, Delhi - DPCC",TOT-RF (mm),TotalRainfall,0.0,29.5,0.0539,0.0,4867,0,1,3.38
"Bawana, Delhi - DPCC/Raw Data/2026_raw_data_hourly_bawana,_delhi_-_dpcc_1H.csv",sheet1,"Bawana, Delhi - DPCC",SR (W/mt2),SolarRad,5.0,669.25,127.4411,11.25,0,0,3,3.38
"Bawana, Delhi - DPCC/Raw Data/2026_raw_data_hourly_bawana,_delhi_-_dpcc_1H.csv",sheet1,"Bawana, Delhi - DPCC",BP (mmHg),BaroPressure,971.0,997.0,989.9912,992.5,0,0,0,3.38
"Bawana, Delhi - DPCC/Raw Data/2026_raw_data_hourly_bawana,_delhi_-_dpcc_1H.csv",sheet1,"Bawana, Delhi - DPCC",VWS (m/s),VWS,,,,,,,,
"Dwarka-Sector 8, Delhi - DPCC/Raw Data/2023_raw_data_hourly_dwarka-sector_8,_delhi_-_dpcc__1H.csv",sheet1,"Dwarka-Sector 8, Delhi - DPCC",PM2.5 (µg/m³),PM2.5,3.0,973.0,107.8273,64.25,0,0,21,3.18
"Dwarka-Sector 8, Delhi - DPCC/Raw Data/2023_raw_data_hourly_dwarka-sector_8,_delhi_-_dpcc__1H.csv",sheet1,"Dwarka-Sector 8, Delhi - DPCC",PM10 (µg/m³),PM10,6.0,997.0,232.3288,185.25,0,0,7,4.06
"Dwarka-Sector 8, Delhi - DPCC/Raw Data/2023_raw_data_hourly_dwarka-sector_8,_delhi_-_dpcc__1H.csv",sheet1,"Dwarka-Sector 8, Delhi - DPCC",NO (µg/m³),NO,0.5,470.8,38.1007,10.9,0,0,5,3.3
"Dwarka-Sector 8, Delhi - DPCC/Raw Data/2023_raw_data_hourly_dwarka-sector_8,_delhi_-_dpcc__1H.csv",sheet1,"Dwarka-Sector 8, Delhi - DPCC",NO2 (µg/m³),NO2,1.975,123.75,28.5922,24.15,0,0,6,3.26
"Dwarka-Sector 8, Delhi - DPCC/Raw Data/2023_raw_data_hourly_dwarka-sector_8,_delhi_-_dpcc__1H.csv",sheet1,"Dwarka-Sector 8, Delhi - DPCC",NOx (ppb),NOx,4.4,497.4,66.4985,37.3,0,0,4,3.26
"Dwarka-Sector 8, Delhi - DPCC/Raw Data/2023_raw_data_hourly_dwarka-sector_8,_delhi_-_dpcc__1H.csv",sheet1,"Dwarka-Sector 8, Delhi - DPCC",NH3 (µg/m³),NH3,0.5,168.675,54.0206,49.5,0,0,0,3.46
"Dwarka-Sector 8, Delhi - DPCC/Raw Data/2023_raw_data_hourly_dwarka-sector_8,_delhi_-_dpcc__1H.csv",sheet1,"Dwarka-Sector 8, Delhi - DPCC",SO2 (µg/m³),SO2,0.1,108.1,3.1973,2.625,0,0,2,2.55
"Dwarka-Sector 8, Delhi - DPCC/Raw Data/2023_raw_data_hourly_dwarka-sector_8,_delhi_-_dpcc__1H.csv",sheet1,"Dwarka-Sector 8, Delhi - DPCC",CO (mg/m³),CO,0.0,5.0,1.2199,0.9333,19,0,0,5.98
"Dwarka-Sector 8, Delhi - DPCC/Raw Data/2023_raw_data_hourly_dwarka-sector_8,_delhi_-_dpcc__1H.csv",sheet1,"Dwarka-Sector 8, Delhi - DPCC",Ozone (µg/m³),O3,0.1,137.15,18.3389,9.2,0,0,5,3.24
"Dwarka-Sector 8, Delhi - DPCC/Raw Data/2023_raw_data_hourly_dwarka-sector_8,_delhi_-_dpcc__1H.csv",sheet1,"Dwarka-Sector 8, Delhi - DPCC",Benzene (µg/m³),Benzene,0.0,5.0,1.4781,1.075,4,0,0,9.44
"Dwarka-Sector 8, Delhi - DPCC/Raw Data/2023_raw_data_hourly_dwarka-sector_8,_delhi_-_dpcc__1H.csv",sheet1,"Dwarka-Sector 8, Delhi - DPCC",Toluene (µg/m³),Toluene,0.0,30.7,3.968,2.9,3,0,4,9.44
"Dwarka-Sector 8, Delhi - DPCC/Raw Data/2023_raw_data_hourly_dwarka-sector_8,_delhi_-_dpcc__1H.csv",sheet1,"Dwarka-Sector 8, Delhi - DPCC",Xylene (µg/m³),Xylene,,,,,,,,
"Dwarka-Sector 8, Delhi - DPCC/Raw Data/2023_raw_data_hourly_dwarka-sector_8,_delhi_-_dpcc__1H.csv",sheet1,"Dwarka-Sector 8, Delhi - DPCC",O Xylene (µg/m³),Xylene,,,,,,,,
"Dwarka-Sector 8, Delhi - DPCC/Raw Data/2023_raw_data_hourly_dwarka-sector_8,_delhi_-_dpcc__1H.csv",sheet1,"Dwarka-Sector 8, Delhi - DPCC",Eth-Benzene (µg/m³),Benzene,,,,,,,,
"Dwarka-Sector 8, Delhi - DPCC/Raw Data/2023_raw_data_hourly_dwarka-sector_8,_delhi_-_dpcc__1H.csv",sheet1,"Dwarka-Sector 8, Delhi - DPCC",MP-Xylene (µg/m³),Xylene,,,,,,,,
"Dwarka-Sector 8, Delhi - DPCC/Raw Data/2023_raw_data_hourly_dwarka-sector_8,_delhi_-_dpcc__1H.csv",sheet1,"Dwarka-Sector 8, Delhi - DPCC",AT (°C),Temp_C,4.25,45.1,25.998,27.4375,0,0,0,2.33
"Dwarka-Sector 8, Delhi - DPCC/Raw Data/2023_raw_data_hourly_dwarka-sector_8,_delhi_-_dpcc__1H.csv",sheet1,"Dwarka-Sector 8, Delhi - DPCC",RH (%),RH_pct,27.75,92.6,62.0284,62.35,0,0,0,2.31
"Dwarka-Sector 8, Delhi - DPCC/Raw Data/2023_raw_data_hourly_dwarka-sector_8,_delhi_-_dpcc__1H.csv",sheet1,"Dwarka-Sector 8, Delhi - DPCC",WS (m/s),WindSpeed,0.1,3.0,0.8232,0.775,0,0,0,2.35
"Dwarka-Sector 8, Delhi - DPCC/Raw Data/2023_raw_data_hourly_dwarka-sector_8,_delhi_-_dpcc__1H.csv",sheet1,"Dwarka-Sector 8, Delhi - DPCC",WD (deg),WindDir,2.175,358.3,209.2404,242.3375,0,0,1,2.35
"Dwarka-Sector 8, Delhi - DPCC/Raw Data/2023_raw_data_hourly_dwarka-sector_8,_delhi_-_dpcc__1H.csv",sheet1,"Dwarka-Sector 8, Delhi - DPCC",RF (mm),Rainfall,0.0,5.0,0.007,0.0,8464,0,0,2.32
"Dwarka-Sector 8, Delhi - DPCC/Raw Data/2023_raw_data_hourly_dwarka-sector_8,_delhi_-_dpcc__1H.csv",sheet1,"Dwarka-Sector 8, Delhi - DPCC",TOT-RF (mm),TotalRainfall,0.0,3.625,0.0066,0.0,8667,0,0,0.0
"Dwarka-Sector 8, Delhi - DPCC/Raw Data/2023_raw_data_hourly_dwarka-sector_8,_delhi_-_dpcc__1H.csv",sheet1,"Dwarka-Sector 8, Delhi - DPCC",SR (W/mt2),SolarRad,2.775,781.3,122.3331,51.9625,0,0,1,2.31
"Dwarka-Sector 8, Delhi - DPCC/Raw Data/2023_raw_data_hourly_dwarka-sector_8,_delhi_-_dpcc__1H.csv",sheet1,"Dwarka-Sector 8, Delhi - DPCC",BP (mmHg),BaroPressure,963.9,998.925,979.3902,979.2,0,0,0,2.31
"Dwarka-Sector 8, Delhi - DPCC/Raw Data/2023_raw_data_hourly_dwarka-sector_8,_delhi_-_dpcc__1H.csv",sheet1,"Dwarka-Sector 8, Delhi - DPCC",VWS (m/s),VWS,,,,,,,,
"Dwarka-Sector 8, Delhi - DPCC/Raw Data/2024_raw_data_hourly_dwarka-sector_8,_delhi_-_dpcc__1H.csv",sheet1,"Dwarka-Sector 8, Delhi - DPCC",PM2.5 (µg/m³),PM2.5,1.0,929.0,110.847,72.0,0,0,58,0.26
"Dwarka-Sector 8, Delhi - DPCC/Raw Data/2024_raw_data_hourly_dwarka-sector_8,_delhi_-_dpcc__1H.csv",sheet1,"Dwarka-Sector 8, Delhi - DPCC",PM10 (µg/m³),PM10,7.0,1000.0,255.7897,213.0,0,0,26,1.74
"Dwarka-Sector 8, Delhi - DPCC/Raw Data/2024_raw_data_hourly_dwarka-sector_8,_delhi_-_dpcc__1H.csv",sheet1,"Dwarka-Sector 8, Delhi - DPCC",NO (µg/m³),NO,0.1,495.8,34.7162,9.55,0,0,10,0.57
"Dwarka-Sector 8, Delhi - DPCC/Raw Data/2024_raw_data_hourly_dwarka-sector_8,_delhi_-_dpcc__1H.csv",sheet1,"Dwarka-Sector 8, Delhi - DPCC",NO2 (µg/m³),NO2,0.1,273.8,45.0773,33.38,0,0,2,2.11
"Dwarka-Sector 8, Delhi - DPCC/Raw Data/2024_raw_data_hourly_dwarka-sector_8,_delhi_-_dpcc__1H.csv",sheet1,"Dwarka-Sector 8, Delhi - DPCC",NOx (ppb),NOx,0.3,485.82,51.5972,26.49,0,0,4,0.46
"Dwarka-Sector 8, Delhi - DPCC/Raw Data/2024_raw_data_hourly_dwarka-sector_8,_delhi_-_dpcc__1H.csv",sheet1,"Dwarka-Sector 8, Delhi - DPCC",NH3 (µg/m³),NH3,1.18,204.52,39.6382,30.5,0,0,1,0.15
"Dwarka-Sector 8, Delhi - DPCC/Raw Data/2024_raw_data_hourly_dwarka-sector_8,_delhi_-_dpcc__1H.csv",sheet1,"Dwarka-Sector 8, Delhi - DPCC",SO2 (µg/m³),SO2,0.1,132.98,8.5866,7.38,0,0,14,0.99
"Dwarka-Sector 8, Delhi - DPCC/Raw Data/2024_raw_data_hourly_dwarka-sector_8,_delhi_-_dpcc__1H.csv",sheet1,"Dwarka-Sector 8, Delhi - DPCC",CO (mg/m³),CO,0.0,9.57,1.5843,1.17,1,0,0,1.3
"Dwarka-Sector 8, Delhi - DPCC/Raw Data/2024_raw_data_hourly_dwarka-sector_8,_delhi_-_dpcc__1H.csv",sheet1,"Dwarka-Sector 8, Delhi - DPCC",Ozone (µg/m³),O3,0.1,328.1,33.7114,21.535,0,0,11,1.28
"Dwarka-Sector 8, Delhi - DPCC/Raw Data/2024_raw_data_hourly_dwarka-sector_8,_delhi_-_dpcc__1H.csv",sheet1,"Dwarka-Sector 8, Delhi - DPCC",Benzene (µg/m³),Benzene,0.0,77.53,1.5489,0.52,561,0,2,1.13
"Dwarka-Sector 8, Delhi - DPCC/Raw Data/2024_raw_data_hourly_dwarka-sector_8,_delhi_-_dpcc__1H.csv",sheet1,"Dwarka-Sector 8, Delhi - DPCC",Toluene (µg/m³),Toluene,0.0,363.95,8.8412,2.25,282,0,7,0.47
"Dwarka-Sector 8, Delhi - DPCC/Raw Data/2024_raw_data_hourly_dwarka-sector_8,_delhi_-_dpcc__1H.csv",sheet1,"Dwarka-Sector 8, Delhi - DPCC",Xylene (µg/m³),Xylene,,,,,,,,
"Dwarka-Sector 8, Delhi - DPCC/Raw Data/2024_raw_data_hourly_dwarka-sector_8,_delhi_-_dpcc__1H.csv",sheet1,"Dwarka-Sector 8, Delhi - DPCC",O Xylene (µg/m³),Xylene,,,,,,,,
"Dwarka-Sector 8, Delhi - DPCC/Raw Data/2024_raw_data_hourly_dwarka-sector_8,_delhi_-_dpcc__1H.csv",sheet1,"Dwarka-Sector 8, Delhi - DPCC",Eth-Benzene (µg/m³),Benzene,,,,,,,,
"Dwarka-Sector 8, Delhi - DPCC/Raw Data/2024_raw_data_hourly_dwarka-sector_8,_delhi_-_dpcc__1H.csv",sheet1,"Dwarka-Sector 8, Delhi - DPCC",MP-Xylene (µg/m³),Xylene,,,,,,,,
"Dwarka-Sector 8, Delhi - DPCC/Raw Data/2024_raw_data_hourly_dwarka-sector_8,_delhi_-_dpcc__1H.csv",sheet1,"Dwarka-Sector 8, Delhi - DPCC",AT (°C),Temp_C,8.38,49.8,26.2012,28.78,0,0,0,0.11
"Dwarka-Sector 8, Delhi - DPCC/Raw Data/2024_raw_data_hourly_dwarka-sector_8,_delhi_-_dpcc__1H.csv",sheet1,"Dwarka-Sector 8, Delhi - DPCC",RH (%),RH_pct,24.0,96.0,63.2441,65.75,0,0,0,0.11
"Dwarka-Sector 8, Delhi - DPCC/Raw Data/2024_raw_data_hourly_dwarka-sector_8,_delhi_-_dpcc__1H.csv",sheet1,"Dwarka-Sector 8, Delhi - DPCC",WS (m/s),WindSpeed,0.25,4.47,1.0773,1.0,0,0,0,0.11
"Dwarka-Sector 8, Delhi - DPCC/Raw Data/2024_raw_data_hourly_dwarka-sector_8,_delhi_-_dpcc__1H.csv",sheet1,"Dwarka-Sector 8, Delhi - DPCC",WD (deg),WindDir,18.77,347.72,208.3366,224.125,0,0,0,0.11
"Dwarka-Sector 8, Delhi - DPCC/Raw Data/2024_raw_data_hourly_dwarka-sector_8,_delhi_-_dpcc__1H.csv",sheet1,"Dwarka-Sector 8, Delhi - DPCC",RF (mm),Rainfall,0.0,6.62,0.0172,0.0,8606,0,0,0.11
"Dwarka-Sector 8, Delhi - DPCC/Raw Data/2024_raw_data_hourly_dwarka-sector_8,_delhi_-_dpcc__1H.csv",sheet1,"Dwarka-Sector 8, Delhi - DPCC",TOT-RF (mm),TotalRainfall,0.0,6.62,0.0172,0.0,8616,0,0,0.0
"Dwarka-Sector 8, Delhi - DPCC/Raw Data/2024_raw_data_hourly_dwarka-sector_8,_delhi_-_dpcc__1H.csv",sheet1,"Dwarka-Sector 8, Delhi - DPCC",SR (W/mt2),SolarRad,1.0,727.75,112.4316,37.75,0,0,8,1.5
"Dwarka-Sector 8, Delhi - DPCC/Raw Data/2024_raw_data_hourly_dwarka-sector_8,_delhi_-_dpcc__1H.csv",sheet1,"Dwarka-Sector 8, Delhi - DPCC",BP (mmHg),BaroPressure,977.0,993.0,986.2256,986.0,0,0,0,0.11
"Dwarka-Sector 8, Delhi - DPCC/Raw Data/2024_raw_data_hourly_dwarka-sector_8,_delhi_-_dpcc__1H.csv",sheet1,"Dwarka-Sector 8, Delhi - DPCC",VWS (m/s),VWS,,,,,,,,
"Dwarka-Sector 8, Delhi - DPCC/Raw Data/2025_raw_data_hourly_dwarka-sector_8,_delhi_-_dpcc__1H.csv",sheet1,"Dwarka-Sector 8, Delhi - DPCC",PM2.5 (µg/m³),PM2.5,1.0,774.0,101.9196,69.0,0,0,72,1.8
"Dwarka-Sector 8, Delhi - DPCC/Raw Data/2025_raw_data_hourly_dwarka-sector_8,_delhi_-_dpcc__1H.csv",sheet1,"Dwarka-Sector 8, Delhi - DPCC",PM10 (µg/m³),PM10,3.0,1000.0,217.6346,186.0,0,0,42,2.34
"Dwarka-Sector 8, Delhi - DPCC/Raw Data/2025_raw_data_hourly_dwarka-sector_8,_delhi_-_dpcc__1H.csv",sheet1,"Dwarka-Sector 8, Delhi - DPCC",NO (µg/m³),NO,0.1,490.0,44.1454,15.68,0,0,7,0.91
"Dwarka-Sector 8, Delhi - DPCC/Raw Data/2025_raw_data_hourly_dwarka-sector_8,_delhi_-_dpcc__1H.csv",sheet1,"Dwarka-Sector 8, Delhi - DPCC",NO2 (µg/m³),NO2,0.3,252.78,55.7519,46.95,0,0,2,0.83
"Dwarka-Sector 8, Delhi - DPCC/Raw Data/2025_raw_data_hourly_dwarka-sector_8,_delhi_-_dpcc__1H.csv",sheet1,"Dwarka-Sector 8, Delhi - DPCC",NOx (ppb),NOx,4.3,481.7,65.5792,40.8,0,0,2,0.84
"Dwarka-Sector 8, Delhi - DPCC/Raw Data/2025_raw_data_hourly_dwarka-sector_8,_delhi_-_dpcc__1H.csv",sheet1,"Dwarka-Sector 8, Delhi - DPCC",NH3 (µg/m³),NH3,2.85,232.35,51.2627,45.7,0,0,0,1.24
"Dwarka-Sector 8, Delhi - DPCC/Raw Data/2025_raw_data_hourly_dwarka-sector_8,_delhi_-_dpcc__1H.csv",sheet1,"Dwarka-Sector 8, Delhi - DPCC",SO2 (µg/m³),SO2,0.1,164.68,13.7896,12.7,0,0,10,2.1
"Dwarka-Sector 8, Delhi - DPCC/Raw Data/2025_raw_data_hourly_dwarka-sector_8,_delhi_-_dpcc__1H.csv",sheet1,"Dwarka-Sector 8, Delhi - DPCC",CO (mg/m³),CO,0.0,9.41,1.6099,1.16,3,0,0,1.27
"Dwarka-Sector 8, Delhi - DPCC/Raw Data/2025_raw_data_hourly_dwarka-sector_8,_delhi_-_dpcc__1H.csv",sheet1,"Dwarka-Sector 8, Delhi - DPCC",Ozone (µg/m³),O3,0.1,400.17,41.7038,28.25,0,0,2,1.95
"Dwarka-Sector 8, Delhi - DPCC/Raw Data/2025_raw_data_hourly_dwarka-sector_8,_delhi_-_dpcc__1H.csv",sheet1,"Dwarka-Sector 8, Delhi - DPCC",Benzene (µg/m³),Benzene,0.0,30.22,2.4825,1.45,15,0,4,2.09
"Dwarka-Sector 8, Delhi - DPCC/Raw Data/2025_raw_data_hourly_dwarka-sector_8,_delhi_-_dpcc__1H.csv",sheet1,"Dwarka-Sector 8, Delhi - DPCC",Toluene (µg/m³),Toluene,0.27,222.08,16.3556,7.87,0,0,8,2.09
"Dwarka-Sector 8, Delhi - DPCC/Raw Data/2025_raw_data_hourly_dwarka-sector_8,_delhi_-_dpcc__1H.csv",sheet1,"Dwarka-Sector 8, Delhi - DPCC",Xylene (µg/m³),Xylene,,,,,,,,
"Dwarka-Sector 8, Delhi - DPCC/Raw Data/2025_raw_data_hourly_dwarka-sector_8,_delhi_-_dpcc__1H.csv",sheet1,"Dwarka-Sector 8, Delhi - DPCC",O Xylene (µg/m³),Xylene,,,,,,,,
"Dwarka-Sector 8, Delhi - DPCC/Raw Data/2025_raw_data_hourly_dwarka-sector_8,_delhi_-_dpcc__1H.csv",sheet1,"Dwarka-Sector 8, Delhi - DPCC",Eth-Benzene (µg/m³),Benzene,,,,,,,,
"Dwarka-Sector 8, Delhi - DPCC/Raw Data/2025_raw_data_hourly_dwarka-sector_8,_delhi_-_dpcc__1H.csv",sheet1,"Dwarka-Sector 8, Delhi - DPCC",MP-Xylene (µg/m³),Xylene,,,,,,,,
"Dwarka-Sector 8, Delhi - DPCC/Raw Data/2025_raw_data_hourly_dwarka-sector_8,_delhi_-_dpcc__1H.csv",sheet1,"Dwarka-Sector 8, Delhi - DPCC",AT (°C),Temp_C,10.78,40.03,24.9582,27.05,0,0,0,0.73
"Dwarka-Sector 8, Delhi - DPCC/Raw Data/2025_raw_data_hourly_dwarka-sector_8,_delhi_-_dpcc__1H.csv",sheet1,"Dwarka-Sector 8, Delhi - DPCC",RH (%),RH_pct,24.0,97.0,66.4766,69.75,0,0,0,0.73
"Dwarka-Sector 8, Delhi - DPCC/Raw Data/2025_raw_data_hourly_dwarka-sector_8,_delhi_-_dpcc__1H.csv",sheet1,"Dwarka-Sector 8, Delhi - DPCC",WS (m/s),WindSpeed,0.22,3.35,0.916,0.85,0,0,0,0.73
"Dwarka-Sector 8, Delhi - DPCC/Raw Data/2025_raw_data_hourly_dwarka-sector_8,_delhi_-_dpcc__1H.csv",sheet1,"Dwarka-Sector 8, Delhi - DPCC",WD (deg),WindDir,64.5,297.75,206.0788,218.5,0,0,0,0.73
"Dwarka-Sector 8, Delhi - DPCC/Raw Data/2025_raw_data_hourly_dwarka-sector_8,_delhi_-_dpcc__1H.csv",sheet1,"Dwarka-Sector 8, Delhi - DPCC",RF (mm),Rainfall,0.0,9.0,0.0209,0.0,8497,0,1,0.73
"Dwarka-Sector 8, Delhi - DPCC/Raw Data/2025_raw_data_hourly_dwarka-sector_8,_delhi_-_dpcc__1H.csv",sheet1,"Dwarka-Sector 8, Delhi - DPCC",TOT-RF (mm),TotalRainfall,0.0,36.0,0.083,0.0,8561,0,3,0.0
"Dwarka-Sector 8, Delhi - DPCC/Raw Data/2025_raw_data_hourly_dwarka-sector_8,_delhi_-_dpcc__1H.csv",sheet1,"Dwarka-Sector 8, Delhi - DPCC",SR (W/mt2),SolarRad,1.0,681.0,73.2757,20.75,0,0,112,0.78
"Dwarka-Sector 8, Delhi - DPCC/Raw Data/2025_raw_data_hourly_dwarka-sector_8,_delhi_-_dpcc__1H.csv",sheet1,"Dwarka-Sector 8, Delhi - DPCC",BP (mmHg),BaroPressure,961.0,992.0,980.7949,985.75,0,0,0,0.73
"Dwarka-Sector 8, Delhi - DPCC/Raw Data/2025_raw_data_hourly_dwarka-sector_8,_delhi_-_dpcc__1H.csv",sheet1,"Dwarka-Sector 8, Delhi - DPCC",VWS (m/s),VWS,,,,,,,,
"ITO, Delhi - CPCB/Raw Data/2024_raw_data_hourly_ito,_delhi_-_cpcb_1H.csv",sheet1,"ITO, Delhi - CPCB",PM2.5 (µg/m³),PM2.5,5.0,985.0,100.565,72.75,0,0,19,5.0
"ITO, Delhi - CPCB/Raw Data/2024_raw_data_hourly_ito,_delhi_-_cpcb_1H.csv",sheet1,"ITO, Delhi - CPCB",PM10 (µg/m³),PM10,1.0,914.0,150.1487,123.0,0,0,14,4.54
"ITO, Delhi - CPCB/Raw Data/2024_raw_data_hourly_ito,_delhi_-_cpcb_1H.csv",sheet1,"ITO, Delhi - CPCB",NO (µg/m³),NO,4.3,183.08,23.9613,17.48,0,0,8,1.07
"ITO, Delhi - CPCB/Raw Data/2024_raw_data_hourly_ito,_delhi_-_cpcb_1H.csv",sheet1,"ITO, Delhi - CPCB",NO2 (µg/m³),NO2,0.25,496.2,75.3764,51.6,0,0,4,2.66
"ITO, Delhi - CPCB/Raw Data/2024_raw_data_hourly_ito,_delhi_-_cpcb_1H.csv",sheet1,"ITO, Delhi - CPCB",NOx (ppb),NOx,1.18,499.0,63.4708,44.18,0,0,0,1.38
"ITO, Delhi - CPCB/Raw Data/2024_raw_data_hourly_ito,_delhi_-_cpcb_1H.csv",sheet1,"ITO, Delhi - CPCB",NH3 (µg/m³),NH3,0.3,314.7,27.9671,23.18,0,0,1,1.68
"ITO, Delhi - CPCB/Raw Data/2024_raw_data_hourly_ito,_delhi_-_cpcb_1H.csv",sheet1,"ITO, Delhi - CPCB",SO2 (µg/m³),SO2,0.1,193.1,12.9683,12.32,0,0,10,3.81
"ITO, Delhi - CPCB/Raw Data/2024_raw_data_hourly_ito,_delhi_-_cpcb_1H.csv",sheet1,"ITO, Delhi - CPCB",CO (mg/m³),CO,0.0,9.13,1.5912,1.2,8,0,0,0.92
"ITO, Delhi - CPCB/Raw Data/2024_raw_data_hourly_ito,_delhi_-_cpcb_1H.csv",sheet1,"ITO, Delhi - CPCB",Ozone (µg/m³),O3,0.1,199.7,27.3646,18.77,0,0,8,2.83
"ITO, Delhi - CPCB/Raw Data/2024_raw_data_hourly_ito,_delhi_-_cpcb_1H.csv",sheet1,"ITO, Delhi - CPCB",Benzene (µg/m³),Benzene,0.1,18.43,2.8651,2.24,0,0,0,1.05
"ITO, Delhi - CPCB/Raw Data/2024_raw_data_hourly_ito,_delhi_-_cpcb_1H.csv",sheet1,"ITO, Delhi - CPCB",Toluene (µg/m³),Toluene,,,,,,,,
"ITO, Delhi - CPCB/Raw Data/2024_raw_data_hourly_ito,_delhi_-_cpcb_1H.csv",sheet1,"ITO, Delhi - CPCB",Xylene (µg/m³),Xylene,,,,,,,,
"ITO, Delhi - CPCB/Raw Data/2024_raw_data_hourly_ito,_delhi_-_cpcb_1H.csv",sheet1,"ITO, Delhi - CPCB",O Xylene (µg/m³),Xylene,,,,,,,,
"ITO, Delhi - CPCB/Raw Data/2024_raw_data_hourly_ito,_delhi_-_cpcb_1H.csv",sheet1,"ITO, Delhi - CPCB",Eth-Benzene (µg/m³),Benzene,,,,,,,,
"ITO, Delhi - CPCB/Raw Data/2024_raw_data_hourly_ito,_delhi_-_cpcb_1H.csv",sheet1,"ITO, Delhi - CPCB",MP-Xylene (µg/m³),Xylene,,,,,,,,
"ITO, Delhi - CPCB/Raw Data/2024_raw_data_hourly_ito,_delhi_-_cpcb_1H.csv",sheet1,"ITO, Delhi - CPCB",AT (°C),Temp_C,,,,,,,,
"ITO, Delhi - CPCB/Raw Data/2024_raw_data_hourly_ito,_delhi_-_cpcb_1H.csv",sheet1,"ITO, Delhi - CPCB",RH (%),RH_pct,,,,,,,,
"ITO, Delhi - CPCB/Raw Data/2024_raw_data_hourly_ito,_delhi_-_cpcb_1H.csv",sheet1,"ITO, Delhi - CPCB",WS (m/s),WindSpeed,,,,,,,,
"ITO, Delhi - CPCB/Raw Data/2024_raw_data_hourly_ito,_delhi_-_cpcb_1H.csv",sheet1,"ITO, Delhi - CPCB",WD (deg),WindDir,,,,,,,,
"ITO, Delhi - CPCB/Raw Data/2024_raw_data_hourly_ito,_delhi_-_cpcb_1H.csv",sheet1,"ITO, Delhi - CPCB",RF (mm),Rainfall,,,,,,,,
"ITO, Delhi - CPCB/Raw Data/2024_raw_data_hourly_ito,_delhi_-_cpcb_1H.csv",sheet1,"ITO, Delhi - CPCB",TOT-RF (mm),TotalRainfall,,,,,,,,
"ITO, Delhi - CPCB/Raw Data/2024_raw_data_hourly_ito,_delhi_-_cpcb_1H.csv",sheet1,"ITO, Delhi - CPCB",SR (W/mt2),SolarRad,,,,,,,,
"ITO, Delhi - CPCB/Raw Data/2024_raw_data_hourly_ito,_delhi_-_cpcb_1H.csv",sheet1,"ITO, Delhi - CPCB",BP (mmHg),BaroPressure,,,,,,,,
"ITO, Delhi - CPCB/Raw Data/2024_raw_data_hourly_ito,_delhi_-_cpcb_1H.csv",sheet1,"ITO, Delhi - CPCB",VWS (m/s),VWS,,,,,,,,
"ITO, Delhi - CPCB/Raw Data/2025_raw_data_hourly_ito,_delhi_-_cpcb_1H.csv",sheet1,"ITO, Delhi - CPCB",PM2.5 (µg/m³),PM2.5,5.25,967.0,102.763,69.25,0,0,13,5.57
"ITO, Delhi - CPCB/Raw Data/2025_raw_data_hourly_ito,_delhi_-_cpcb_1H.csv",sheet1,"ITO, Delhi - CPCB",PM10 (µg/m³),PM10,1.0,983.0,162.4476,130.25,0,0,6,5.64
"ITO, Delhi - CPCB/Raw Data/2025_raw_data_hourly_ito,_delhi_-_cpcb_1H.csv",sheet1,"ITO, Delhi - CPCB",NO (µg/m³),NO,2.05,228.28,20.832,19.49,0,0,2,1.19
"ITO, Delhi - CPCB/Raw Data/2025_raw_data_hourly_ito,_delhi_-_cpcb_1H.csv",sheet1,"ITO, Delhi - CPCB",NO2 (µg/m³),NO2,0.1,496.1,68.477,63.65,0,0,0,1.24
"ITO, Delhi - CPCB/Raw Data/2025_raw_data_hourly_ito,_delhi_-_cpcb_1H.csv",sheet1,"ITO, Delhi - CPCB",NOx (ppb),NOx,0.75,369.5,53.276,49.85,0,0,1,1.2
"ITO, Delhi - CPCB/Raw Data/2025_raw_data_hourly_ito,_delhi_-_cpcb_1H.csv",sheet1,"ITO, Delhi - CPCB",NH3 (µg/m³),NH3,1.7,200.85,28.2695,24.55,0,0,2,1.19
"ITO, Delhi - CPCB/Raw Data/2025_raw_data_hourly_ito,_delhi_-_cpcb_1H.csv",sheet1,"ITO, Delhi - CPCB",SO2 (µg/m³),SO2,0.1,188.9,13.7326,13.32,0,0,15,3.38
"ITO, Delhi - CPCB/Raw Data/2025_raw_data_hourly_ito,_delhi_-_cpcb_1H.csv",sheet1,"ITO, Delhi - CPCB",CO (mg/m³),CO,0.06,8.33,1.3754,1.12,0,0,0,1.24
"ITO, Delhi - CPCB/Raw Data/2025_raw_data_hourly_ito,_delhi_-_cpcb_1H.csv",sheet1,"ITO, Delhi - CPCB",Ozone (µg/m³),O3,0.1,198.58,20.349,15.3,0,0,9,1.2
"ITO, Delhi - CPCB/Raw Data/2025_raw_data_hourly_ito,_delhi_-_cpcb_1H.csv",sheet1,"ITO, Delhi - CPCB",Benzene (µg/m³),Benzene,0.88,4.66,2.4687,2.25,0,0,0,1.21
"ITO, Delhi - CPCB/Raw Data/2025_raw_data_hourly_ito,_delhi_-_cpcb_1H.csv",sheet1,"ITO, Delhi - CPCB",Toluene (µg/m³),Toluene,,,,,,,,
"ITO, Delhi - CPCB/Raw Data/2025_raw_data_hourly_ito,_delhi_-_cpcb_1H.csv",sheet1,"ITO, Delhi - CPCB",Xylene (µg/m³),Xylene,,,,,,,,
"ITO, Delhi - CPCB/Raw Data/2025_raw_data_hourly_ito,_delhi_-_cpcb_1H.csv",sheet1,"ITO, Delhi - CPCB",O Xylene (µg/m³),Xylene,,,,,,,,
"ITO, Delhi - CPCB/Raw Data/2025_raw_data_hourly_ito,_delhi_-_cpcb_1H.csv",sheet1,"ITO, Delhi - CPCB",Eth-Benzene (µg/m³),Benzene,,,,,,,,
"ITO, Delhi - CPCB/Raw Data/2025_raw_data_hourly_ito,_delhi_-_cpcb_1H.csv",sheet1,"ITO, Delhi - CPCB",MP-Xylene (µg/m³),Xylene,,,,,,,,
"ITO, Delhi - CPCB/Raw Data/2025_raw_data_hourly_ito,_delhi_-_cpcb_1H.csv",sheet1,"ITO, Delhi - CPCB",AT (°C),Temp_C,,,,,,,,
"ITO, Delhi - CPCB/Raw Data/2025_raw_data_hourly_ito,_delhi_-_cpcb_1H.csv",sheet1,"ITO, Delhi - CPCB",RH (%),RH_pct,,,,,,,,
"ITO, Delhi - CPCB/Raw Data/2025_raw_data_hourly_ito,_delhi_-_cpcb_1H.csv",sheet1,"ITO, Delhi - CPCB",WS (m/s),WindSpeed,,,,,,,,
"ITO, Delhi - CPCB/Raw Data/2025_raw_data_hourly_ito,_delhi_-_cpcb_1H.csv",sheet1,"ITO, Delhi - CPCB",WD (deg),WindDir,,,,,,,,
"ITO, Delhi - CPCB/Raw Data/2025_raw_data_hourly_ito,_delhi_-_cpcb_1H.csv",sheet1,"ITO, Delhi - CPCB",RF (mm),Rainfall,,,,,,,,
"ITO, Delhi - CPCB/Raw Data/2025_raw_data_hourly_ito,_delhi_-_cpcb_1H.csv",sheet1,"ITO, Delhi - CPCB",TOT-RF (mm),TotalRainfall,,,,,,,,
"ITO, Delhi - CPCB/Raw Data/2025_raw_data_hourly_ito,_delhi_-_cpcb_1H.csv",sheet1,"ITO, Delhi - CPCB",SR (W/mt2),SolarRad,,,,,,,,
"ITO, Delhi - CPCB/Raw Data/2025_raw_data_hourly_ito,_delhi_-_cpcb_1H.csv",sheet1,"ITO, Delhi - CPCB",BP (mmHg),BaroPressure,,,,,,,,
"ITO, Delhi - CPCB/Raw Data/2025_raw_data_hourly_ito,_delhi_-_cpcb_1H.csv",sheet1,"ITO, Delhi - CPCB",VWS (m/s),VWS,,,,,,,,
"ITO, Delhi - CPCB/Raw Data/2026_raw_data_hourly_ito,_delhi_-_cpcb_1H.csv",sheet1,"ITO, Delhi - CPCB",PM2.5 (µg/m³),PM2.5,6.0,897.5,79.1104,55.5,0,0,5,6.27
"ITO, Delhi - CPCB/Raw Data/2026_raw_data_hourly_ito,_delhi_-_cpcb_1H.csv",sheet1,"ITO, Delhi - CPCB",PM10 (µg/m³),PM10,8.0,947.0,147.6064,127.0,0,0,10,6.39
"ITO, Delhi - CPCB/Raw Data/2026_raw_data_hourly_ito,_delhi_-_cpcb_1H.csv",sheet1,"ITO, Delhi - CPCB",NO (µg/m³),NO,6.05,48.75,24.0636,24.25,0,0,0,4.19
"ITO, Delhi - CPCB/Raw Data/2026_raw_data_hourly_ito,_delhi_-_cpcb_1H.csv",sheet1,"ITO, Delhi - CPCB",NO2 (µg/m³),NO2,0.75,236.0,44.7024,42.0,0,0,1,4.19
"ITO, Delhi - CPCB/Raw Data/2026_raw_data_hourly_ito,_delhi_-_cpcb_1H.csv",sheet1,"ITO, Delhi - CPCB",NOx (ppb),NOx,3.6,155.25,43.3347,41.38,0,0,0,4.19
"ITO, Delhi - CPCB/Raw Data/2026_raw_data_hourly_ito,_delhi_-_cpcb_1H.csv",sheet1,"ITO, Delhi - CPCB",NH3 (µg/m³),NH3,0.8,73.75,16.0266,16.0,0,0,29,4.19
"ITO, Delhi - CPCB/Raw Data/2026_raw_data_hourly_ito,_delhi_-_cpcb_1H.csv",sheet1,"ITO, Delhi - CPCB",SO2 (µg/m³),SO2,0.0,69.65,17.5543,17.0,25,0,41,6.31
"ITO, Delhi - CPCB/Raw Data/2026_raw_data_hourly_ito,_delhi_-_cpcb_1H.csv",sheet1,"ITO, Delhi - CPCB",CO (mg/m³),CO,0.0,6.0,0.7912,0.84,1569,0,0,4.4
"ITO, Delhi - CPCB/Raw Data/2026_raw_data_hourly_ito,_delhi_-_cpcb_1H.csv",sheet1,"ITO, Delhi - CPCB",Ozone (µg/m³),O3,0.0,373.65,32.9175,27.13,11,0,2,4.85
"ITO, Delhi - CPCB/Raw Data/2026_raw_data_hourly_ito,_delhi_-_cpcb_1H.csv",sheet1,"ITO, Delhi - CPCB",Benzene (µg/m³),Benzene,0.0,5.71,3.4249,3.41,27,0,0,4.68
"ITO, Delhi - CPCB/Raw Data/2026_raw_data_hourly_ito,_delhi_-_cpcb_1H.csv",sheet1,"ITO, Delhi - CPCB",Toluene (µg/m³),Toluene,1.0,6.0,3.331,3.0,0,0,0,15.07
"ITO, Delhi - CPCB/Raw Data/2026_raw_data_hourly_ito,_delhi_-_cpcb_1H.csv",sheet1,"ITO, Delhi - CPCB",Xylene (µg/m³),Xylene,,,,,,,,
"ITO, Delhi - CPCB/Raw Data/2026_raw_data_hourly_ito,_delhi_-_cpcb_1H.csv",sheet1,"ITO, Delhi - CPCB",O Xylene (µg/m³),Xylene,1.0,6.0,2.6258,2.83,0,0,0,15.07
"ITO, Delhi - CPCB/Raw Data/2026_raw_data_hourly_ito,_delhi_-_cpcb_1H.csv",sheet1,"ITO, Delhi - CPCB",Eth-Benzene (µg/m³),Benzene,1.0,5.1,3.0716,2.86,0,0,0,15.07
"ITO, Delhi - CPCB/Raw Data/2026_raw_data_hourly_ito,_delhi_-_cpcb_1H.csv",sheet1,"ITO, Delhi - CPCB",MP-Xylene (µg/m³),Xylene,0.0,5.47,2.4751,2.0,65,0,0,15.07
"ITO, Delhi - CPCB/Raw Data/2026_raw_data_hourly_ito,_delhi_-_cpcb_1H.csv",sheet1,"ITO, Delhi - CPCB",AT (°C),Temp_C,,,,,,,,
"ITO, Delhi - CPCB/Raw Data/2026_raw_data_hourly_ito,_delhi_-_cpcb_1H.csv",sheet1,"ITO, Delhi - CPCB",RH (%),RH_pct,,,,,,,,
"ITO, Delhi - CPCB/Raw Data/2026_raw_data_hourly_ito,_delhi_-_cpcb_1H.csv",sheet1,"ITO, Delhi - CPCB",WS (m/s),WindSpeed,,,,,,,,
"ITO, Delhi - CPCB/Raw Data/2026_raw_data_hourly_ito,_delhi_-_cpcb_1H.csv",sheet1,"ITO, Delhi - CPCB",WD (deg),WindDir,,,,,,,,
"ITO, Delhi - CPCB/Raw Data/2026_raw_data_hourly_ito,_delhi_-_cpcb_1H.csv",sheet1,"ITO, Delhi - CPCB",RF (mm),Rainfall,,,,,,,,
"ITO, Delhi - CPCB/Raw Data/2026_raw_data_hourly_ito,_delhi_-_cpcb_1H.csv",sheet1,"ITO, Delhi - CPCB",TOT-RF (mm),TotalRainfall,,,,,,,,
"ITO, Delhi - CPCB/Raw Data/2026_raw_data_hourly_ito,_delhi_-_cpcb_1H.csv",sheet1,"ITO, Delhi - CPCB",SR (W/mt2),SolarRad,,,,,,,,
"ITO, Delhi - CPCB/Raw Data/2026_raw_data_hourly_ito,_delhi_-_cpcb_1H.csv",sheet1,"ITO, Delhi - CPCB",BP (mmHg),BaroPressure,,,,,,,,
"ITO, Delhi - CPCB/Raw Data/2026_raw_data_hourly_ito,_delhi_-_cpcb_1H.csv",sheet1,"ITO, Delhi - CPCB",VWS (m/s),VWS,,,,,,,,
"Jahangirpuri, Delhi - DPCC	/Raw Data/2024_raw_data_hourly_jahangirpuri,_delhi_-_dpcc_1H.csv",sheet1,"Jahangirpuri, Delhi - DPCC",PM2.5 (µg/m³),PM2.5,1.0,968.0,130.4215,90.75,0,0,59,3.76
"Jahangirpuri, Delhi - DPCC	/Raw Data/2024_raw_data_hourly_jahangirpuri,_delhi_-_dpcc_1H.csv",sheet1,"Jahangirpuri, Delhi - DPCC",PM10 (µg/m³),PM10,7.0,998.0,287.2669,250.5,0,0,23,4.71
"Jahangirpuri, Delhi - DPCC	/Raw Data/2024_raw_data_hourly_jahangirpuri,_delhi_-_dpcc_1H.csv",sheet1,"Jahangirpuri, Delhi - DPCC",NO (µg/m³),NO,0.1,465.72,26.2074,12.865,0,0,11,3.69
"Jahangirpuri, Delhi - DPCC	/Raw Data/2024_raw_data_hourly_jahangirpuri,_delhi_-_dpcc_1H.csv",sheet1,"Jahangirpuri, Delhi - DPCC",NO2 (µg/m³),NO2,0.1,465.8,40.927,31.35,0,0,8,4.38
"Jahangirpuri, Delhi - DPCC	/Raw Data/2024_raw_data_hourly_jahangirpuri,_delhi_-_dpcc_1H.csv",sheet1,"Jahangirpuri, Delhi - DPCC",NOx (ppb),NOx,0.73,439.52,42.6137,27.25,0,0,7,3.4
"Jahangirpuri, Delhi - DPCC	/Raw Data/2024_raw_data_hourly_jahangirpuri,_delhi_-_dpcc_1H.csv",sheet1,"Jahangirpuri, Delhi - DPCC",NH3 (µg/m³),NH3,0.1,338.8,41.6284,40.52,0,0,4,5.66
"Jahangirpuri, Delhi - DPCC	/Raw Data/2024_raw_data_hourly_jahangirpuri,_delhi_-_dpcc_1H.csv",sheet1,"Jahangirpuri, Delhi - DPCC",SO2 (µg/m³),SO2,0.1,163.4,18.5451,14.94,0,0,12,5.42
"Jahangirpuri, Delhi - DPCC	/Raw Data/2024_raw_data_hourly_jahangirpuri,_delhi_-_dpcc_1H.csv",sheet1,"Jahangirpuri, Delhi - DPCC",CO (mg/m³),CO,0.0,9.45,1.6276,1.33,1,0,0,3.86
"Jahangirpuri, Delhi - DPCC	/Raw Data/2024_raw_data_hourly_jahangirpuri,_delhi_-_dpcc_1H.csv",sheet1,"Jahangirpuri, Delhi - DPCC",Ozone (µg/m³),O3,0.1,219.48,28.4989,15.17,0,0,7,3.95
"Jahangirpuri, Delhi - DPCC	/Raw Data/2024_raw_data_hourly_jahangirpuri,_delhi_-_dpcc_1H.csv",sheet1,"Jahangirpuri, Delhi - DPCC",Benzene (µg/m³),Benzene,0.0,27.5,0.9884,0.38,418,0,0,6.03
"Jahangirpuri, Delhi - DPCC	/Raw Data/2024_raw_data_hourly_jahangirpuri,_delhi_-_dpcc_1H.csv",sheet1,"Jahangirpuri, Delhi - DPCC",Toluene (µg/m³),Toluene,0.0,65.97,2.2622,1.15,557,0,1,5.24
"Jahangirpuri, Delhi - DPCC	/Raw Data/2024_raw_data_hourly_jahangirpuri,_delhi_-_dpcc_1H.csv",sheet1,"Jahangirpuri, Delhi - DPCC",Xylene (µg/m³),Xylene,,,,,,,,
"Jahangirpuri, Delhi - DPCC	/Raw Data/2024_raw_data_hourly_jahangirpuri,_delhi_-_dpcc_1H.csv",sheet1,"Jahangirpuri, Delhi - DPCC",O Xylene (µg/m³),Xylene,,,,,,,,
"Jahangirpuri, Delhi - DPCC	/Raw Data/2024_raw_data_hourly_jahangirpuri,_delhi_-_dpcc_1H.csv",sheet1,"Jahangirpuri, Delhi - DPCC",Eth-Benzene (µg/m³),Benzene,,,,,,,,
"Jahangirpuri, Delhi - DPCC	/Raw Data/2024_raw_data_hourly_jahangirpuri,_delhi_-_dpcc_1H.csv",sheet1,"Jahangirpuri, Delhi - DPCC",MP-Xylene (µg/m³),Xylene,,,,,,,,
"Jahangirpuri, Delhi - DPCC	/Raw Data/2024_raw_data_hourly_jahangirpuri,_delhi_-_dpcc_1H.csv",sheet1,"Jahangirpuri, Delhi - DPCC",AT (°C),Temp_C,9.48,47.45,26.2192,28.48,0,0,0,3.69
"Jahangirpuri, Delhi - DPCC	/Raw Data/2024_raw_data_hourly_jahangirpuri,_delhi_-_dpcc_1H.csv",sheet1,"Jahangirpuri, Delhi - DPCC",RH (%),RH_pct,24.0,99.0,64.4605,65.5,0,0,29,3.69
"Jahangirpuri, Delhi - DPCC	/Raw Data/2024_raw_data_hourly_jahangirpuri,_delhi_-_dpcc_1H.csv",sheet1,"Jahangirpuri, Delhi - DPCC",WS (m/s),WindSpeed,0.1,2.17,0.4917,0.45,0,0,0,4.3
"Jahangirpuri, Delhi - DPCC	/Raw Data/2024_raw_data_hourly_jahangirpuri,_delhi_-_dpcc_1H.csv",sheet1,"Jahangirpuri, Delhi - DPCC",WD (deg),WindDir,2.0,311.6,176.5371,175.25,0,0,0,4.57
"Jahangirpuri, Delhi - DPCC	/Raw Data/2024_raw_data_hourly_jahangirpuri,_delhi_-_dpcc_1H.csv",sheet1,"Jahangirpuri, Delhi - DPCC",RF (mm),Rainfall,0.0,17.12,0.0219,0.0,8284,0,0,3.69
"Jahangirpuri, Delhi - DPCC	/Raw Data/2024_raw_data_hourly_jahangirpuri,_delhi_-_dpcc_1H.csv",sheet1,"Jahangirpuri, Delhi - DPCC",TOT-RF (mm),TotalRainfall,0.0,17.12,0.0205,0.0,8608,0,0,0.0
"Jahangirpuri, Delhi - DPCC	/Raw Data/2024_raw_data_hourly_jahangirpuri,_delhi_-_dpcc_1H.csv",sheet1,"Jahangirpuri, Delhi - DPCC",SR (W/mt2),SolarRad,1.5,816.75,92.1013,8.75,0,0,12,3.69
"Jahangirpuri, Delhi - DPCC	/Raw Data/2024_raw_data_hourly_jahangirpuri,_delhi_-_dpcc_1H.csv",sheet1,"Jahangirpuri, Delhi - DPCC",BP (mmHg),BaroPressure,715.75,999.5,978.9659,978.0,0,0,0,4.12
"Jahangirpuri, Delhi - DPCC	/Raw Data/2024_raw_data_hourly_jahangirpuri,_delhi_-_dpcc_1H.csv",sheet1,"Jahangirpuri, Delhi - DPCC",VWS (m/s),VWS,,,,,,,,
"Jahangirpuri, Delhi - DPCC	/Raw Data/2025_raw_data_hourly_jahangirpuri,_delhi_-_dpcc_1H.csv",sheet1,"Jahangirpuri, Delhi - DPCC",PM2.5 (µg/m³),PM2.5,2.0,970.0,129.5043,92.0,0,0,8,4.43
"Jahangirpuri, Delhi - DPCC	/Raw Data/2025_raw_data_hourly_jahangirpuri,_delhi_-_dpcc_1H.csv",sheet1,"Jahangirpuri, Delhi - DPCC",PM10 (µg/m³),PM10,6.0,992.0,259.8305,226.0,0,0,20,4.25
"Jahangirpuri, Delhi - DPCC	/Raw Data/2025_raw_data_hourly_jahangirpuri,_delhi_-_dpcc_1H.csv",sheet1,"Jahangirpuri, Delhi - DPCC",NO (µg/m³),NO,0.1,467.9,31.7044,15.58,0,0,9,2.33
"Jahangirpuri, Delhi - DPCC	/Raw Data/2025_raw_data_hourly_jahangirpuri,_delhi_-_dpcc_1H.csv",sheet1,"Jahangirpuri, Delhi - DPCC",NO2 (µg/m³),NO2,0.7,425.25,50.1513,38.22,0,0,3,2.29
"Jahangirpuri, Delhi - DPCC	/Raw Data/2025_raw_data_hourly_jahangirpuri,_delhi_-_dpcc_1H.csv",sheet1,"Jahangirpuri, Delhi - DPCC",NOx (ppb),NOx,0.0,483.8,52.4478,32.52,6,0,2,2.2
"Jahangirpuri, Delhi - DPCC	/Raw Data/2025_raw_data_hourly_jahangirpuri,_delhi_-_dpcc_1H.csv",sheet1,"Jahangirpuri, Delhi - DPCC",NH3 (µg/m³),NH3,0.2,309.3,34.7319,35.0,0,0,1,2.92
"Jahangirpuri, Delhi - DPCC	/Raw Data/2025_raw_data_hourly_jahangirpuri,_delhi_-_dpcc_1H.csv",sheet1,"Jahangirpuri, Delhi - DPCC",SO2 (µg/m³),SO2,0.1,179.3,14.5057,11.07,0,0,13,5.66
"Jahangirpuri, Delhi - DPCC	/Raw Data/2025_raw_data_hourly_jahangirpuri,_delhi_-_dpcc_1H.csv",sheet1,"Jahangirpuri, Delhi - DPCC",CO (mg/m³),CO,0.0,9.35,1.6155,1.31,6,0,1,2.19
"Jahangirpuri, Delhi - DPCC	/Raw Data/2025_raw_data_hourly_jahangirpuri,_delhi_-_dpcc_1H.csv",sheet1,"Jahangirpuri, Delhi - DPCC",Ozone (µg/m³),O3,0.1,313.42,36.1958,18.58,0,0,10,2.73
"Jahangirpuri, Delhi - DPCC	/Raw Data/2025_raw_data_hourly_jahangirpuri,_delhi_-_dpcc_1H.csv",sheet1,"Jahangirpuri, Delhi - DPCC",Benzene (µg/m³),Benzene,0.0,31.8,3.3603,1.25,1220,0,2,3.66
"Jahangirpuri, Delhi - DPCC	/Raw Data/2025_raw_data_hourly_jahangirpuri,_delhi_-_dpcc_1H.csv",sheet1,"Jahangirpuri, Delhi - DPCC",Toluene (µg/m³),Toluene,0.0,188.3,19.9403,5.85,344,0,3,5.22
"Jahangirpuri, Delhi - DPCC	/Raw Data/2025_raw_data_hourly_jahangirpuri,_delhi_-_dpcc_1H.csv",sheet1,"Jahangirpuri, Delhi - DPCC",Xylene (µg/m³),Xylene,,,,,,,,
"Jahangirpuri, Delhi - DPCC	/Raw Data/2025_raw_data_hourly_jahangirpuri,_delhi_-_dpcc_1H.csv",sheet1,"Jahangirpuri, Delhi - DPCC",O Xylene (µg/m³),Xylene,,,,,,,,
"Jahangirpuri, Delhi - DPCC	/Raw Data/2025_raw_data_hourly_jahangirpuri,_delhi_-_dpcc_1H.csv",sheet1,"Jahangirpuri, Delhi - DPCC",Eth-Benzene (µg/m³),Benzene,,,,,,,,
"Jahangirpuri, Delhi - DPCC	/Raw Data/2025_raw_data_hourly_jahangirpuri,_delhi_-_dpcc_1H.csv",sheet1,"Jahangirpuri, Delhi - DPCC",MP-Xylene (µg/m³),Xylene,,,,,,,,
"Jahangirpuri, Delhi - DPCC	/Raw Data/2025_raw_data_hourly_jahangirpuri,_delhi_-_dpcc_1H.csv",sheet1,"Jahangirpuri, Delhi - DPCC",AT (°C),Temp_C,10.38,39.2,24.5078,26.95,0,0,0,2.59
"Jahangirpuri, Delhi - DPCC	/Raw Data/2025_raw_data_hourly_jahangirpuri,_delhi_-_dpcc_1H.csv",sheet1,"Jahangirpuri, Delhi - DPCC",RH (%),RH_pct,21.33,98.0,65.6292,65.25,0,0,0,2.43
"Jahangirpuri, Delhi - DPCC	/Raw Data/2025_raw_data_hourly_jahangirpuri,_delhi_-_dpcc_1H.csv",sheet1,"Jahangirpuri, Delhi - DPCC",WS (m/s),WindSpeed,0.1,28.45,0.9264,0.6,0,0,0,3.77
"Jahangirpuri, Delhi - DPCC	/Raw Data/2025_raw_data_hourly_jahangirpuri,_delhi_-_dpcc_1H.csv",sheet1,"Jahangirpuri, Delhi - DPCC",WD (deg),WindDir,16.5,359.0,178.6988,184.0,0,0,0,5.54
"Jahangirpuri, Delhi - DPCC	/Raw Data/2025_raw_data_hourly_jahangirpuri,_delhi_-_dpcc_1H.csv",sheet1,"Jahangirpuri, Delhi - DPCC",RF (mm),Rainfall,0.0,14.62,0.0252,0.0,8400,0,0,2.43
"Jahangirpuri, Delhi - DPCC	/Raw Data/2025_raw_data_hourly_jahangirpuri,_delhi_-_dpcc_1H.csv",sheet1,"Jahangirpuri, Delhi - DPCC",TOT-RF (mm),TotalRainfall,0.0,58.5,0.0952,0.0,8613,0,2,0.0
"Jahangirpuri, Delhi - DPCC	/Raw Data/2025_raw_data_hourly_jahangirpuri,_delhi_-_dpcc_1H.csv",sheet1,"Jahangirpuri, Delhi - DPCC",SR (W/mt2),SolarRad,1.0,721.5,83.7402,10.5,0,0,393,2.44
"Jahangirpuri, Delhi - DPCC	/Raw Data/2025_raw_data_hourly_jahangirpuri,_delhi_-_dpcc_1H.csv",sheet1,"Jahangirpuri, Delhi - DPCC",BP (mmHg),BaroPressure,854.0,996.25,977.599,975.75,0,0,0,2.44
"Jahangirpuri, Delhi - DPCC	/Raw Data/2025_raw_data_hourly_jahangirpuri,_delhi_-_dpcc_1H.csv",sheet1,"Jahangirpuri, Delhi - DPCC",VWS (m/s),VWS,,,,,,,,
"Jahangirpuri, Delhi - DPCC	/Raw Data/2026_raw_data_hourly_jahangirpuri,_delhi_-_dpcc_1H.csv",sheet1,"Jahangirpuri, Delhi - DPCC",PM2.5 (µg/m³),PM2.5,1.0,685.0,101.0275,75.0,0,0,35,7.21
"Jahangirpuri, Delhi - DPCC	/Raw Data/2026_raw_data_hourly_jahangirpuri,_delhi_-_dpcc_1H.csv",sheet1,"Jahangirpuri, Delhi - DPCC",PM10 (µg/m³),PM10,13.0,963.0,226.1473,200.0,0,0,13,4.38
"Jahangirpuri, Delhi - DPCC	/Raw Data/2026_raw_data_hourly_jahangirpuri,_delhi_-_dpcc_1H.csv",sheet1,"Jahangirpuri, Delhi - DPCC",NO (µg/m³),NO,0.1,377.5,19.9964,7.45,0,0,34,3.3
"Jahangirpuri, Delhi - DPCC	/Raw Data/2026_raw_data_hourly_jahangirpuri,_delhi_-_dpcc_1H.csv",sheet1,"Jahangirpuri, Delhi - DPCC",NO2 (µg/m³),NO2,4.95,199.55,54.2687,48.0,0,0,8,3.09
"Jahangirpuri, Delhi - DPCC	/Raw Data/2026_raw_data_hourly_jahangirpuri,_delhi_-_dpcc_1H.csv",sheet1,"Jahangirpuri, Delhi - DPCC",NOx (ppb),NOx,7.1,353.75,45.1372,31.34,0,0,5,3.07
"Jahangirpuri, Delhi - DPCC	/Raw Data/2026_raw_data_hourly_jahangirpuri,_delhi_-_dpcc_1H.csv",sheet1,"Jahangirpuri, Delhi - DPCC",NH3 (µg/m³),NH3,1.45,293.8,61.7654,46.48,0,0,5,3.36
"Jahangirpuri, Delhi - DPCC	/Raw Data/2026_raw_data_hourly_jahangirpuri,_delhi_-_dpcc_1H.csv",sheet1,"Jahangirpuri, Delhi - DPCC",SO2 (µg/m³),SO2,0.0,111.75,24.4949,18.0,10,0,28,3.64
"Jahangirpuri, Delhi - DPCC	/Raw Data/2026_raw_data_hourly_jahangirpuri,_delhi_-_dpcc_1H.csv",sheet1,"Jahangirpuri, Delhi - DPCC",CO (mg/m³),CO,0.0,7.25,0.9232,1.0,1409,0,0,4.09
"Jahangirpuri, Delhi - DPCC	/Raw Data/2026_raw_data_hourly_jahangirpuri,_delhi_-_dpcc_1H.csv",sheet1,"Jahangirpuri, Delhi - DPCC",Ozone (µg/m³),O3,1.5,202.5,25.1157,15.315,0,0,29,3.18
"Jahangirpuri, Delhi - DPCC	/Raw Data/2026_raw_data_hourly_jahangirpuri,_delhi_-_dpcc_1H.csv",sheet1,"Jahangirpuri, Delhi - DPCC",Benzene (µg/m³),Benzene,0.0,13.0,0.8952,0.4,1336,0,4,3.32
"Jahangirpuri, Delhi - DPCC	/Raw Data/2026_raw_data_hourly_jahangirpuri,_delhi_-_dpcc_1H.csv",sheet1,"Jahangirpuri, Delhi - DPCC",Toluene (µg/m³),Toluene,0.0,133.5,4.6104,2.13,209,0,21,3.28
"Jahangirpuri, Delhi - DPCC	/Raw Data/2026_raw_data_hourly_jahangirpuri,_delhi_-_dpcc_1H.csv",sheet1,"Jahangirpuri, Delhi - DPCC",Xylene (µg/m³),Xylene,,,,,,,,
"Jahangirpuri, Delhi - DPCC	/Raw Data/2026_raw_data_hourly_jahangirpuri,_delhi_-_dpcc_1H.csv",sheet1,"Jahangirpuri, Delhi - DPCC",O Xylene (µg/m³),Xylene,0.0,23.25,0.66,0.0,2421,0,6,13.46
"Jahangirpuri, Delhi - DPCC	/Raw Data/2026_raw_data_hourly_jahangirpuri,_delhi_-_dpcc_1H.csv",sheet1,"Jahangirpuri, Delhi - DPCC",Eth-Benzene (µg/m³),Benzene,0.0,13.25,0.8765,0.17,1808,0,5,13.46
"Jahangirpuri, Delhi - DPCC	/Raw Data/2026_raw_data_hourly_jahangirpuri,_delhi_-_dpcc_1H.csv",sheet1,"Jahangirpuri, Delhi - DPCC",MP-Xylene (µg/m³),Xylene,0.0,13.0,0.7208,0.03,2133,0,6,13.46
"Jahangirpuri, Delhi - DPCC	/Raw Data/2026_raw_data_hourly_jahangirpuri,_delhi_-_dpcc_1H.csv",sheet1,"Jahangirpuri, Delhi - DPCC",AT (°C),Temp_C,8.0,42.35,25.3488,27.5,0,0,50,3.14
"Jahangirpuri, Delhi - DPCC	/Raw Data/2026_raw_data_hourly_jahangirpuri,_delhi_-_dpcc_1H.csv",sheet1,"Jahangirpuri, Delhi - DPCC",RH (%),RH_pct,13.0,97.0,57.1184,55.67,0,0,0,3.14
"Jahangirpuri, Delhi - DPCC	/Raw Data/2026_raw_data_hourly_jahangirpuri,_delhi_-_dpcc_1H.csv",sheet1,"Jahangirpuri, Delhi - DPCC",WS (m/s),WindSpeed,0.0,4.3,0.5324,0.33,1932,0,0,3.14
"Jahangirpuri, Delhi - DPCC	/Raw Data/2026_raw_data_hourly_jahangirpuri,_delhi_-_dpcc_1H.csv",sheet1,"Jahangirpuri, Delhi - DPCC",WD (deg),WindDir,108.75,360.0,219.4142,207.75,0,0,0,7.15
"Jahangirpuri, Delhi - DPCC	/Raw Data/2026_raw_data_hourly_jahangirpuri,_delhi_-_dpcc_1H.csv",sheet1,"Jahangirpuri, Delhi - DPCC",RF (mm),Rainfall,0.0,10.88,0.024,0.0,4819,0,0,3.12
"Jahangirpuri, Delhi - DPCC	/Raw Data/2026_raw_data_hourly_jahangirpuri,_delhi_-_dpcc_1H.csv",sheet1,"Jahangirpuri, Delhi - DPCC",TOT-RF (mm),TotalRainfall,0.0,43.5,0.0939,0.0,4819,0,3,3.12
"Jahangirpuri, Delhi - DPCC	/Raw Data/2026_raw_data_hourly_jahangirpuri,_delhi_-_dpcc_1H.csv",sheet1,"Jahangirpuri, Delhi - DPCC",SR (W/mt2),SolarRad,3.25,776.0,134.2026,15.0,0,0,396,3.14
"Jahangirpuri, Delhi - DPCC	/Raw Data/2026_raw_data_hourly_jahangirpuri,_delhi_-_dpcc_1H.csv",sheet1,"Jahangirpuri, Delhi - DPCC",BP (mmHg),BaroPressure,972.0,990.0,980.556,979.0,0,0,0,3.14
"Jahangirpuri, Delhi - DPCC	/Raw Data/2026_raw_data_hourly_jahangirpuri,_delhi_-_dpcc_1H.csv",sheet1,"Jahangirpuri, Delhi - DPCC",VWS (m/s),VWS,,,,,,,,
"Punjabi Bagh, Delhi - DPCC/Raw Data/2024_raw_data_hourly_punjabi_bagh,_delhi_-_dpcc_1H.csv",sheet1,"Punjabi Bagh, Delhi - DPCC",PM2.5 (µg/m³),PM2.5,1.0,995.0,121.0008,81.0,0,0,26,2.61
"Punjabi Bagh, Delhi - DPCC/Raw Data/2024_raw_data_hourly_punjabi_bagh,_delhi_-_dpcc_1H.csv",sheet1,"Punjabi Bagh, Delhi - DPCC",PM10 (µg/m³),PM10,5.0,996.0,220.8021,184.0,0,0,48,2.72
"Punjabi Bagh, Delhi - DPCC/Raw Data/2024_raw_data_hourly_punjabi_bagh,_delhi_-_dpcc_1H.csv",sheet1,"Punjabi Bagh, Delhi - DPCC",NO (µg/m³),NO,0.1,453.0,17.2359,4.7,0,0,7,2.04
"Punjabi Bagh, Delhi - DPCC/Raw Data/2024_raw_data_hourly_punjabi_bagh,_delhi_-_dpcc_1H.csv",sheet1,"Punjabi Bagh, Delhi - DPCC",NO2 (µg/m³),NO2,0.1,436.7,40.3902,35.92,0,0,3,2.29
"Punjabi Bagh, Delhi - DPCC/Raw Data/2024_raw_data_hourly_punjabi_bagh,_delhi_-_dpcc_1H.csv",sheet1,"Punjabi Bagh, Delhi - DPCC",NOx (ppb),NOx,0.0,472.32,35.2243,24.0,20,0,6,1.8
"Punjabi Bagh, Delhi - DPCC/Raw Data/2024_raw_data_hourly_punjabi_bagh,_delhi_-_dpcc_1H.csv",sheet1,"Punjabi Bagh, Delhi - DPCC",NH3 (µg/m³),NH3,0.1,155.2,21.3117,19.12,0,0,5,1.99
"Punjabi Bagh, Delhi - DPCC/Raw Data/2024_raw_data_hourly_punjabi_bagh,_delhi_-_dpcc_1H.csv",sheet1,"Punjabi Bagh, Delhi - DPCC",SO2 (µg/m³),SO2,0.1,170.65,20.1461,18.32,0,0,9,9.4
"Punjabi Bagh, Delhi - DPCC/Raw Data/2024_raw_data_hourly_punjabi_bagh,_delhi_-_dpcc_1H.csv",sheet1,"Punjabi Bagh, Delhi - DPCC",CO (mg/m³),CO,0.0,9.74,1.1669,0.89,30,0,0,2.21
"Punjabi Bagh, Delhi - DPCC/Raw Data/2024_raw_data_hourly_punjabi_bagh,_delhi_-_dpcc_1H.csv",sheet1,"Punjabi Bagh, Delhi - DPCC",Ozone (µg/m³),O3,0.1,489.4,29.1115,14.42,0,0,19,3.12
"Punjabi Bagh, Delhi - DPCC/Raw Data/2024_raw_data_hourly_punjabi_bagh,_delhi_-_dpcc_1H.csv",sheet1,"Punjabi Bagh, Delhi - DPCC",Benzene (µg/m³),Benzene,0.0,29.0,1.7827,0.88,311,0,2,87.85
"Punjabi Bagh, Delhi - DPCC/Raw Data/2024_raw_data_hourly_punjabi_bagh,_delhi_-_dpcc_1H.csv",sheet1,"Punjabi Bagh, Delhi - DPCC",Toluene (µg/m³),Toluene,0.0,57.45,4.4816,2.05,323,0,0,87.85
"Punjabi Bagh, Delhi - DPCC/Raw Data/2024_raw_data_hourly_punjabi_bagh,_delhi_-_dpcc_1H.csv",sheet1,"Punjabi Bagh, Delhi - DPCC",Xylene (µg/m³),Xylene,,,,,,,,
"Punjabi Bagh, Delhi - DPCC/Raw Data/2024_raw_data_hourly_punjabi_bagh,_delhi_-_dpcc_1H.csv",sheet1,"Punjabi Bagh, Delhi - DPCC",O Xylene (µg/m³),Xylene,,,,,,,,
"Punjabi Bagh, Delhi - DPCC/Raw Data/2024_raw_data_hourly_punjabi_bagh,_delhi_-_dpcc_1H.csv",sheet1,"Punjabi Bagh, Delhi - DPCC",Eth-Benzene (µg/m³),Benzene,,,,,,,,
"Punjabi Bagh, Delhi - DPCC/Raw Data/2024_raw_data_hourly_punjabi_bagh,_delhi_-_dpcc_1H.csv",sheet1,"Punjabi Bagh, Delhi - DPCC",MP-Xylene (µg/m³),Xylene,0.1,19.77,1.4582,0.625,0,0,0,94.13
"Punjabi Bagh, Delhi - DPCC/Raw Data/2024_raw_data_hourly_punjabi_bagh,_delhi_-_dpcc_1H.csv",sheet1,"Punjabi Bagh, Delhi - DPCC",AT (°C),Temp_C,9.2,46.48,27.6284,30.52,0,0,0,0.82
"Punjabi Bagh, Delhi - DPCC/Raw Data/2024_raw_data_hourly_punjabi_bagh,_delhi_-_dpcc_1H.csv",sheet1,"Punjabi Bagh, Delhi - DPCC",RH (%),RH_pct,23.0,96.0,60.8545,61.25,0,0,0,0.82
"Punjabi Bagh, Delhi - DPCC/Raw Data/2024_raw_data_hourly_punjabi_bagh,_delhi_-_dpcc_1H.csv",sheet1,"Punjabi Bagh, Delhi - DPCC",WS (m/s),WindSpeed,0.3,4.6,0.5944,0.38,0,0,0,0.82
"Punjabi Bagh, Delhi - DPCC/Raw Data/2024_raw_data_hourly_punjabi_bagh,_delhi_-_dpcc_1H.csv",sheet1,"Punjabi Bagh, Delhi - DPCC",WD (deg),WindDir,70.75,270.5,174.7388,178.25,0,0,0,0.82
"Punjabi Bagh, Delhi - DPCC/Raw Data/2024_raw_data_hourly_punjabi_bagh,_delhi_-_dpcc_1H.csv",sheet1,"Punjabi Bagh, Delhi - DPCC",RF (mm),Rainfall,,,,,,,,
"Punjabi Bagh, Delhi - DPCC/Raw Data/2024_raw_data_hourly_punjabi_bagh,_delhi_-_dpcc_1H.csv",sheet1,"Punjabi Bagh, Delhi - DPCC",TOT-RF (mm),TotalRainfall,0.0,0.0,0.0,0.0,8784,0,0,0.0
"Punjabi Bagh, Delhi - DPCC/Raw Data/2024_raw_data_hourly_punjabi_bagh,_delhi_-_dpcc_1H.csv",sheet1,"Punjabi Bagh, Delhi - DPCC",SR (W/mt2),SolarRad,6.75,359.5,65.4155,10.25,0,0,56,0.82
"Punjabi Bagh, Delhi - DPCC/Raw Data/2024_raw_data_hourly_punjabi_bagh,_delhi_-_dpcc_1H.csv",sheet1,"Punjabi Bagh, Delhi - DPCC",BP (mmHg),BaroPressure,710.25,731.06,720.324,722.06,0,0,0,97.3
"Punjabi Bagh, Delhi - DPCC/Raw Data/2024_raw_data_hourly_punjabi_bagh,_delhi_-_dpcc_1H.csv",sheet1,"Punjabi Bagh, Delhi - DPCC",VWS (m/s),VWS,-0.19,0.38,0.0013,-0.01,1390,5351,0,0.82
"Punjabi Bagh, Delhi - DPCC/Raw Data/2025_raw_data_hourly_punjabi_bagh,_delhi_-_dpcc_1H.csv",sheet1,"Punjabi Bagh, Delhi - DPCC",PM2.5 (µg/m³),PM2.5,1.0,970.0,109.9371,70.0,0,0,80,7.53
"Punjabi Bagh, Delhi - DPCC/Raw Data/2025_raw_data_hourly_punjabi_bagh,_delhi_-_dpcc_1H.csv",sheet1,"Punjabi Bagh, Delhi - DPCC",PM10 (µg/m³),PM10,1.0,917.0,204.054,164.0,0,0,45,8.0
"Punjabi Bagh, Delhi - DPCC/Raw Data/2025_raw_data_hourly_punjabi_bagh,_delhi_-_dpcc_1H.csv",sheet1,"Punjabi Bagh, Delhi - DPCC",NO (µg/m³),NO,0.1,442.07,15.6571,3.7,0,0,6,7.09
"Punjabi Bagh, Delhi - DPCC/Raw Data/2025_raw_data_hourly_punjabi_bagh,_delhi_-_dpcc_1H.csv",sheet1,"Punjabi Bagh, Delhi - DPCC",NO2 (µg/m³),NO2,0.1,439.25,36.2991,34.6,0,0,5,7.02
"Punjabi Bagh, Delhi - DPCC/Raw Data/2025_raw_data_hourly_punjabi_bagh,_delhi_-_dpcc_1H.csv",sheet1,"Punjabi Bagh, Delhi - DPCC",NOx (ppb),NOx,0.0,428.55,31.4569,22.02,47,0,6,5.79
"Punjabi Bagh, Delhi - DPCC/Raw Data/2025_raw_data_hourly_punjabi_bagh,_delhi_-_dpcc_1H.csv",sheet1,"Punjabi Bagh, Delhi - DPCC",NH3 (µg/m³),NH3,0.1,347.7,23.8575,20.67,0,0,2,6.93
"Punjabi Bagh, Delhi - DPCC/Raw Data/2025_raw_data_hourly_punjabi_bagh,_delhi_-_dpcc_1H.csv",sheet1,"Punjabi Bagh, Delhi - DPCC",SO2 (µg/m³),SO2,0.1,138.55,20.0142,16.65,0,0,23,13.81
"Punjabi Bagh, Delhi - DPCC/Raw Data/2025_raw_data_hourly_punjabi_bagh,_delhi_-_dpcc_1H.csv",sheet1,"Punjabi Bagh, Delhi - DPCC",CO (mg/m³),CO,0.0,7.59,1.1364,0.96,81,0,0,4.27
"Punjabi Bagh, Delhi - DPCC/Raw Data/2025_raw_data_hourly_punjabi_bagh,_delhi_-_dpcc_1H.csv",sheet1,"Punjabi Bagh, Delhi - DPCC",Ozone (µg/m³),O3,0.1,498.92,38.1184,17.725,0,0,5,7.12
"Punjabi Bagh, Delhi - DPCC/Raw Data/2025_raw_data_hourly_punjabi_bagh,_delhi_-_dpcc_1H.csv",sheet1,"Punjabi Bagh, Delhi - DPCC",Benzene (µg/m³),Benzene,0.0,475.0,13.092,0.535,363,0,0,91.26
"Punjabi Bagh, Delhi - DPCC/Raw Data/2025_raw_data_hourly_punjabi_bagh,_delhi_-_dpcc_1H.csv",sheet1,"Punjabi Bagh, Delhi - DPCC",Toluene (µg/m³),Toluene,0.0,475.0,28.1344,4.4,302,0,0,91.54
"Punjabi Bagh, Delhi - DPCC/Raw Data/2025_raw_data_hourly_punjabi_bagh,_delhi_-_dpcc_1H.csv",sheet1,"Punjabi Bagh, Delhi - DPCC",Xylene (µg/m³),Xylene,,,,,,,,
"Punjabi Bagh, Delhi - DPCC/Raw Data/2025_raw_data_hourly_punjabi_bagh,_delhi_-_dpcc_1H.csv",sheet1,"Punjabi Bagh, Delhi - DPCC",O Xylene (µg/m³),Xylene,,,,,,,,
"Punjabi Bagh, Delhi - DPCC/Raw Data/2025_raw_data_hourly_punjabi_bagh,_delhi_-_dpcc_1H.csv",sheet1,"Punjabi Bagh, Delhi - DPCC",Eth-Benzene (µg/m³),Benzene,,,,,,,,
"Punjabi Bagh, Delhi - DPCC/Raw Data/2025_raw_data_hourly_punjabi_bagh,_delhi_-_dpcc_1H.csv",sheet1,"Punjabi Bagh, Delhi - DPCC",MP-Xylene (µg/m³),Xylene,0.05,334.2,11.4983,1.975,0,0,0,98.04
"Punjabi Bagh, Delhi - DPCC/Raw Data/2025_raw_data_hourly_punjabi_bagh,_delhi_-_dpcc_1H.csv",sheet1,"Punjabi Bagh, Delhi - DPCC",AT (°C),Temp_C,3.25,47.35,25.3832,26.8,0,0,0,3.82
"Punjabi Bagh, Delhi - DPCC/Raw Data/2025_raw_data_hourly_punjabi_bagh,_delhi_-_dpcc_1H.csv",sheet1,"Punjabi Bagh, Delhi - DPCC",RH (%),RH_pct,23.0,95.0,62.2137,63.0,0,0,0,3.8
"Punjabi Bagh, Delhi - DPCC/Raw Data/2025_raw_data_hourly_punjabi_bagh,_delhi_-_dpcc_1H.csv",sheet1,"Punjabi Bagh, Delhi - DPCC",WS (m/s),WindSpeed,0.3,3.78,0.5377,0.3,0,0,0,3.8
"Punjabi Bagh, Delhi - DPCC/Raw Data/2025_raw_data_hourly_punjabi_bagh,_delhi_-_dpcc_1H.csv",sheet1,"Punjabi Bagh, Delhi - DPCC",WD (deg),WindDir,106.5,295.0,182.0014,181.0,0,0,0,3.8
"Punjabi Bagh, Delhi - DPCC/Raw Data/2025_raw_data_hourly_punjabi_bagh,_delhi_-_dpcc_1H.csv",sheet1,"Punjabi Bagh, Delhi - DPCC",RF (mm),Rainfall,,,,,,,,
"Punjabi Bagh, Delhi - DPCC/Raw Data/2025_raw_data_hourly_punjabi_bagh,_delhi_-_dpcc_1H.csv",sheet1,"Punjabi Bagh, Delhi - DPCC",TOT-RF (mm),TotalRainfall,0.0,0.0,0.0,0.0,8760,0,0,0.0
"Punjabi Bagh, Delhi - DPCC/Raw Data/2025_raw_data_hourly_punjabi_bagh,_delhi_-_dpcc_1H.csv",sheet1,"Punjabi Bagh, Delhi - DPCC",SR (W/mt2),SolarRad,7.0,367.5,63.8788,10.25,0,0,40,3.8
"Punjabi Bagh, Delhi - DPCC/Raw Data/2025_raw_data_hourly_punjabi_bagh,_delhi_-_dpcc_1H.csv",sheet1,"Punjabi Bagh, Delhi - DPCC",BP (mmHg),BaroPressure,,,,,,,,
"Punjabi Bagh, Delhi - DPCC/Raw Data/2025_raw_data_hourly_punjabi_bagh,_delhi_-_dpcc_1H.csv",sheet1,"Punjabi Bagh, Delhi - DPCC",VWS (m/s),VWS,-0.28,0.26,-0.0057,-0.01,1077,6271,0,3.8
"Punjabi Bagh, Delhi - DPCC/Raw Data/2026_raw_data_hourly_punjabi_bagh,_delhi_-_dpcc_1H.csv",sheet1,"Punjabi Bagh, Delhi - DPCC",PM2.5 (µg/m³),PM2.5,1.0,664.0,89.383,64.0,0,0,45,5.11
"Punjabi Bagh, Delhi - DPCC/Raw Data/2026_raw_data_hourly_punjabi_bagh,_delhi_-_dpcc_1H.csv",sheet1,"Punjabi Bagh, Delhi - DPCC",PM10 (µg/m³),PM10,5.0,1000.0,200.6191,174.0,0,0,28,4.09
"Punjabi Bagh, Delhi - DPCC/Raw Data/2026_raw_data_hourly_punjabi_bagh,_delhi_-_dpcc_1H.csv",sheet1,"Punjabi Bagh, Delhi - DPCC",NO (µg/m³),NO,0.0,347.5,8.7658,2.0,4,0,5,2.69
"Punjabi Bagh, Delhi - DPCC/Raw Data/2026_raw_data_hourly_punjabi_bagh,_delhi_-_dpcc_1H.csv",sheet1,"Punjabi Bagh, Delhi - DPCC",NO2 (µg/m³),NO2,0.0,110.75,29.4235,26.25,1,0,3,2.91
"Punjabi Bagh, Delhi - DPCC/Raw Data/2026_raw_data_hourly_punjabi_bagh,_delhi_-_dpcc_1H.csv",sheet1,"Punjabi Bagh, Delhi - DPCC",NOx (ppb),NOx,0.0,394.5,22.757,16.0,22,0,29,2.48
"Punjabi Bagh, Delhi - DPCC/Raw Data/2026_raw_data_hourly_punjabi_bagh,_delhi_-_dpcc_1H.csv",sheet1,"Punjabi Bagh, Delhi - DPCC",NH3 (µg/m³),NH3,0.0,143.6,18.2776,17.08,8,0,1,4.21
"Punjabi Bagh, Delhi - DPCC/Raw Data/2026_raw_data_hourly_punjabi_bagh,_delhi_-_dpcc_1H.csv",sheet1,"Punjabi Bagh, Delhi - DPCC",SO2 (µg/m³),SO2,0.0,199.5,26.8614,26.25,2,0,17,5.29
"Punjabi Bagh, Delhi - DPCC/Raw Data/2026_raw_data_hourly_punjabi_bagh,_delhi_-_dpcc_1H.csv",sheet1,"Punjabi Bagh, Delhi - DPCC",CO (mg/m³),CO,0.0,5.04,0.772,0.83,1226,0,0,2.67
"Punjabi Bagh, Delhi - DPCC/Raw Data/2026_raw_data_hourly_punjabi_bagh,_delhi_-_dpcc_1H.csv",sheet1,"Punjabi Bagh, Delhi - DPCC",Ozone (µg/m³),O3,0.1,211.5,30.151,23.0,0,0,17,4.07
"Punjabi Bagh, Delhi - DPCC/Raw Data/2026_raw_data_hourly_punjabi_bagh,_delhi_-_dpcc_1H.csv",sheet1,"Punjabi Bagh, Delhi - DPCC",Benzene (µg/m³),Benzene,0.0,0.0,0.0,0.0,3,0,0,99.94
"Punjabi Bagh, Delhi - DPCC/Raw Data/2026_raw_data_hourly_punjabi_bagh,_delhi_-_dpcc_1H.csv",sheet1,"Punjabi Bagh, Delhi - DPCC",Toluene (µg/m³),Toluene,0.0,0.0,0.0,0.0,3,0,0,99.94
"Punjabi Bagh, Delhi - DPCC/Raw Data/2026_raw_data_hourly_punjabi_bagh,_delhi_-_dpcc_1H.csv",sheet1,"Punjabi Bagh, Delhi - DPCC",Xylene (µg/m³),Xylene,,,,,,,,
"Punjabi Bagh, Delhi - DPCC/Raw Data/2026_raw_data_hourly_punjabi_bagh,_delhi_-_dpcc_1H.csv",sheet1,"Punjabi Bagh, Delhi - DPCC",O Xylene (µg/m³),Xylene,,,,,,,,
"Punjabi Bagh, Delhi - DPCC/Raw Data/2026_raw_data_hourly_punjabi_bagh,_delhi_-_dpcc_1H.csv",sheet1,"Punjabi Bagh, Delhi - DPCC",Eth-Benzene (µg/m³),Benzene,,,,,,,,
"Punjabi Bagh, Delhi - DPCC/Raw Data/2026_raw_data_hourly_punjabi_bagh,_delhi_-_dpcc_1H.csv",sheet1,"Punjabi Bagh, Delhi - DPCC",MP-Xylene (µg/m³),Xylene,0.0,0.0,0.0,0.0,3,0,0,99.94
"Punjabi Bagh, Delhi - DPCC/Raw Data/2026_raw_data_hourly_punjabi_bagh,_delhi_-_dpcc_1H.csv",sheet1,"Punjabi Bagh, Delhi - DPCC",AT (°C),Temp_C,0.3,49.0,25.7364,27.5,0,0,36,4.23
"Punjabi Bagh, Delhi - DPCC/Raw Data/2026_raw_data_hourly_punjabi_bagh,_delhi_-_dpcc_1H.csv",sheet1,"Punjabi Bagh, Delhi - DPCC",RH (%),RH_pct,24.5,91.0,56.4048,53.5,0,0,0,2.32
"Punjabi Bagh, Delhi - DPCC/Raw Data/2026_raw_data_hourly_punjabi_bagh,_delhi_-_dpcc_1H.csv",sheet1,"Punjabi Bagh, Delhi - DPCC",WS (m/s),WindSpeed,0.0,5.0,0.4119,0.25,2341,0,0,2.32
"Punjabi Bagh, Delhi - DPCC/Raw Data/2026_raw_data_hourly_punjabi_bagh,_delhi_-_dpcc_1H.csv",sheet1,"Punjabi Bagh, Delhi - DPCC",WD (deg),WindDir,119.5,248.25,183.9898,186.75,0,0,0,2.32
"Punjabi Bagh, Delhi - DPCC/Raw Data/2026_raw_data_hourly_punjabi_bagh,_delhi_-_dpcc_1H.csv",sheet1,"Punjabi Bagh, Delhi - DPCC",RF (mm),Rainfall,,,,,,,,
"Punjabi Bagh, Delhi - DPCC/Raw Data/2026_raw_data_hourly_punjabi_bagh,_delhi_-_dpcc_1H.csv",sheet1,"Punjabi Bagh, Delhi - DPCC",TOT-RF (mm),TotalRainfall,,,,,,,,
"Punjabi Bagh, Delhi - DPCC/Raw Data/2026_raw_data_hourly_punjabi_bagh,_delhi_-_dpcc_1H.csv",sheet1,"Punjabi Bagh, Delhi - DPCC",SR (W/mt2),SolarRad,7.0,365.0,72.2984,11.75,0,0,40,2.32
"Punjabi Bagh, Delhi - DPCC/Raw Data/2026_raw_data_hourly_punjabi_bagh,_delhi_-_dpcc_1H.csv",sheet1,"Punjabi Bagh, Delhi - DPCC",BP (mmHg),BaroPressure,,,,,,,,
"Punjabi Bagh, Delhi - DPCC/Raw Data/2026_raw_data_hourly_punjabi_bagh,_delhi_-_dpcc_1H.csv",sheet1,"Punjabi Bagh, Delhi - DPCC",VWS (m/s),VWS,-3.18,0.44,-0.0024,0.0,3309,1027,0,2.32
"R K Puram, Delhi - DPCC/Raw Data/2024_raw_data_hourly_r_k_puram,_delhi_-_dpcc_1H.csv",sheet1,"R K Puram, Delhi - DPCC",PM2.5 (µg/m³),PM2.5,1.0,975.0,118.1045,80.5,0,0,21,4.95
"R K Puram, Delhi - DPCC/Raw Data/2024_raw_data_hourly_r_k_puram,_delhi_-_dpcc_1H.csv",sheet1,"R K Puram, Delhi - DPCC",PM10 (µg/m³),PM10,2.0,991.0,216.0649,183.67,0,0,18,5.21
"R K Puram, Delhi - DPCC/Raw Data/2024_raw_data_hourly_r_k_puram,_delhi_-_dpcc_1H.csv",sheet1,"R K Puram, Delhi - DPCC",NO (µg/m³),NO,0.2,386.52,30.6978,8.02,0,0,8,2.06
"R K Puram, Delhi - DPCC/Raw Data/2024_raw_data_hourly_r_k_puram,_delhi_-_dpcc_1H.csv",sheet1,"R K Puram, Delhi - DPCC",NO2 (µg/m³),NO2,0.1,220.95,36.8055,28.8,0,0,4,2.32
"R K Puram, Delhi - DPCC/Raw Data/2024_raw_data_hourly_r_k_puram,_delhi_-_dpcc_1H.csv",sheet1,"R K Puram, Delhi - DPCC",NOx (ppb),NOx,0.0,347.35,44.3221,24.0,3,0,5,1.97
"R K Puram, Delhi - DPCC/Raw Data/2024_raw_data_hourly_r_k_puram,_delhi_-_dpcc_1H.csv",sheet1,"R K Puram, Delhi - DPCC",NH3 (µg/m³),NH3,0.1,174.82,21.5242,19.8,0,0,3,3.01
"R K Puram, Delhi - DPCC/Raw Data/2024_raw_data_hourly_r_k_puram,_delhi_-_dpcc_1H.csv",sheet1,"R K Puram, Delhi - DPCC",SO2 (µg/m³),SO2,0.1,174.87,19.3778,16.9,0,0,4,4.51
"R K Puram, Delhi - DPCC/Raw Data/2024_raw_data_hourly_r_k_puram,_delhi_-_dpcc_1H.csv",sheet1,"R K Puram, Delhi - DPCC",CO (mg/m³),CO,0.0,9.58,1.3724,0.9,27,0,0,2.31
"R K Puram, Delhi - DPCC/Raw Data/2024_raw_data_hourly_r_k_puram,_delhi_-_dpcc_1H.csv",sheet1,"R K Puram, Delhi - DPCC",Ozone (µg/m³),O3,0.1,243.6,47.0741,30.4,0,0,10,5.38
"R K Puram, Delhi - DPCC/Raw Data/2024_raw_data_hourly_r_k_puram,_delhi_-_dpcc_1H.csv",sheet1,"R K Puram, Delhi - DPCC",Benzene (µg/m³),Benzene,0.0,14.05,0.3477,0.15,1229,0,0,10.51
"R K Puram, Delhi - DPCC/Raw Data/2024_raw_data_hourly_r_k_puram,_delhi_-_dpcc_1H.csv",sheet1,"R K Puram, Delhi - DPCC",Toluene (µg/m³),Toluene,0.0,15.95,1.0097,0.52,381,0,1,10.51
"R K Puram, Delhi - DPCC/Raw Data/2024_raw_data_hourly_r_k_puram,_delhi_-_dpcc_1H.csv",sheet1,"R K Puram, Delhi - DPCC",Xylene (µg/m³),Xylene,,,,,,,,
"R K Puram, Delhi - DPCC/Raw Data/2024_raw_data_hourly_r_k_puram,_delhi_-_dpcc_1H.csv",sheet1,"R K Puram, Delhi - DPCC",O Xylene (µg/m³),Xylene,,,,,,,,
"R K Puram, Delhi - DPCC/Raw Data/2024_raw_data_hourly_r_k_puram,_delhi_-_dpcc_1H.csv",sheet1,"R K Puram, Delhi - DPCC",Eth-Benzene (µg/m³),Benzene,,,,,,,,
"R K Puram, Delhi - DPCC/Raw Data/2024_raw_data_hourly_r_k_puram,_delhi_-_dpcc_1H.csv",sheet1,"R K Puram, Delhi - DPCC",MP-Xylene (µg/m³),Xylene,,,,,,,,
"R K Puram, Delhi - DPCC/Raw Data/2024_raw_data_hourly_r_k_puram,_delhi_-_dpcc_1H.csv",sheet1,"R K Puram, Delhi - DPCC",AT (°C),Temp_C,3.9,48.32,25.071,26.38,0,0,4,1.54
"R K Puram, Delhi - DPCC/Raw Data/2024_raw_data_hourly_r_k_puram,_delhi_-_dpcc_1H.csv",sheet1,"R K Puram, Delhi - DPCC",RH (%),RH_pct,9.5,98.33,65.0058,68.75,0,0,0,1.54
"R K Puram, Delhi - DPCC/Raw Data/2024_raw_data_hourly_r_k_puram,_delhi_-_dpcc_1H.csv",sheet1,"R K Puram, Delhi - DPCC",WS (m/s),WindSpeed,0.3,4.82,0.524,0.3,0,0,0,1.54
"R K Puram, Delhi - DPCC/Raw Data/2024_raw_data_hourly_r_k_puram,_delhi_-_dpcc_1H.csv",sheet1,"R K Puram, Delhi - DPCC",WD (deg),WindDir,10.5,344.0,182.5262,183.75,0,0,0,1.54
"R K Puram, Delhi - DPCC/Raw Data/2024_raw_data_hourly_r_k_puram,_delhi_-_dpcc_1H.csv",sheet1,"R K Puram, Delhi - DPCC",RF (mm),Rainfall,,,,,,,,
"R K Puram, Delhi - DPCC/Raw Data/2024_raw_data_hourly_r_k_puram,_delhi_-_dpcc_1H.csv",sheet1,"R K Puram, Delhi - DPCC",TOT-RF (mm),TotalRainfall,0.0,0.0,0.0,0.0,8784,0,0,0.0
"R K Puram, Delhi - DPCC/Raw Data/2024_raw_data_hourly_r_k_puram,_delhi_-_dpcc_1H.csv",sheet1,"R K Puram, Delhi - DPCC",SR (W/mt2),SolarRad,2.5,406.5,63.405,6.0,0,0,24,1.54
"R K Puram, Delhi - DPCC/Raw Data/2024_raw_data_hourly_r_k_puram,_delhi_-_dpcc_1H.csv",sheet1,"R K Puram, Delhi - DPCC",BP (mmHg),BaroPressure,700.0,1002.12,749.2049,742.0,0,0,1,3.86
"R K Puram, Delhi - DPCC/Raw Data/2024_raw_data_hourly_r_k_puram,_delhi_-_dpcc_1H.csv",sheet1,"R K Puram, Delhi - DPCC",VWS (m/s),VWS,-9.89,3.6,-0.1821,-0.02,78,4874,0,1.83
"R K Puram, Delhi - DPCC/Raw Data/2025_raw_data_hourly_r_k_puram,_delhi_-_dpcc_1H.csv",sheet1,"R K Puram, Delhi - DPCC",PM2.5 (µg/m³),PM2.5,1.0,940.0,110.3378,73.0,0,0,53,4.59
"R K Puram, Delhi - DPCC/Raw Data/2025_raw_data_hourly_r_k_puram,_delhi_-_dpcc_1H.csv",sheet1,"R K Puram, Delhi - DPCC",PM10 (µg/m³),PM10,1.0,998.0,200.2475,171.0,0,0,39,5.87
"R K Puram, Delhi - DPCC/Raw Data/2025_raw_data_hourly_r_k_puram,_delhi_-_dpcc_1H.csv",sheet1,"R K Puram, Delhi - DPCC",NO (µg/m³),NO,0.1,490.0,29.6198,5.57,0,0,10,1.0
"R K Puram, Delhi - DPCC/Raw Data/2025_raw_data_hourly_r_k_puram,_delhi_-_dpcc_1H.csv",sheet1,"R K Puram, Delhi - DPCC",NO2 (µg/m³),NO2,0.1,184.82,41.8726,35.38,0,0,0,1.48
"R K Puram, Delhi - DPCC/Raw Data/2025_raw_data_hourly_r_k_puram,_delhi_-_dpcc_1H.csv",sheet1,"R K Puram, Delhi - DPCC",NOx (ppb),NOx,0.9,431.43,46.1052,24.83,0,0,10,0.98
"R K Puram, Delhi - DPCC/Raw Data/2025_raw_data_hourly_r_k_puram,_delhi_-_dpcc_1H.csv",sheet1,"R K Puram, Delhi - DPCC",NH3 (µg/m³),NH3,0.4,206.6,24.5111,22.65,0,0,3,2.02
"R K Puram, Delhi - DPCC/Raw Data/2025_raw_data_hourly_r_k_puram,_delhi_-_dpcc_1H.csv",sheet1,"R K Puram, Delhi - DPCC",SO2 (µg/m³),SO2,0.1,177.27,19.6167,15.62,0,0,11,5.27
"R K Puram, Delhi - DPCC/Raw Data/2025_raw_data_hourly_r_k_puram,_delhi_-_dpcc_1H.csv",sheet1,"R K Puram, Delhi - DPCC",CO (mg/m³),CO,0.0,9.59,1.3229,0.88,11,0,0,3.31
"R K Puram, Delhi - DPCC/Raw Data/2025_raw_data_hourly_r_k_puram,_delhi_-_dpcc_1H.csv",sheet1,"R K Puram, Delhi - DPCC",Ozone (µg/m³),O3,0.1,431.45,32.1017,20.75,0,0,3,2.19
"R K Puram, Delhi - DPCC/Raw Data/2025_raw_data_hourly_r_k_puram,_delhi_-_dpcc_1H.csv",sheet1,"R K Puram, Delhi - DPCC",Benzene (µg/m³),Benzene,0.0,11.9,0.2204,0.1,1205,0,0,6.53
"R K Puram, Delhi - DPCC/Raw Data/2025_raw_data_hourly_r_k_puram,_delhi_-_dpcc_1H.csv",sheet1,"R K Puram, Delhi - DPCC",Toluene (µg/m³),Toluene,0.0,34.83,1.2211,0.5,334,0,0,6.53
"R K Puram, Delhi - DPCC/Raw Data/2025_raw_data_hourly_r_k_puram,_delhi_-_dpcc_1H.csv",sheet1,"R K Puram, Delhi - DPCC",Xylene (µg/m³),Xylene,,,,,,,,
"R K Puram, Delhi - DPCC/Raw Data/2025_raw_data_hourly_r_k_puram,_delhi_-_dpcc_1H.csv",sheet1,"R K Puram, Delhi - DPCC",O Xylene (µg/m³),Xylene,,,,,,,,
"R K Puram, Delhi - DPCC/Raw Data/2025_raw_data_hourly_r_k_puram,_delhi_-_dpcc_1H.csv",sheet1,"R K Puram, Delhi - DPCC",Eth-Benzene (µg/m³),Benzene,,,,,,,,
"R K Puram, Delhi - DPCC/Raw Data/2025_raw_data_hourly_r_k_puram,_delhi_-_dpcc_1H.csv",sheet1,"R K Puram, Delhi - DPCC",MP-Xylene (µg/m³),Xylene,,,,,,,,
"R K Puram, Delhi - DPCC/Raw Data/2025_raw_data_hourly_r_k_puram,_delhi_-_dpcc_1H.csv",sheet1,"R K Puram, Delhi - DPCC",AT (°C),Temp_C,8.72,43.82,24.2135,24.92,0,0,0,0.61
"R K Puram, Delhi - DPCC/Raw Data/2025_raw_data_hourly_r_k_puram,_delhi_-_dpcc_1H.csv",sheet1,"R K Puram, Delhi - DPCC",RH (%),RH_pct,18.0,96.0,69.1621,73.0,0,0,0,0.61
"R K Puram, Delhi - DPCC/Raw Data/2025_raw_data_hourly_r_k_puram,_delhi_-_dpcc_1H.csv",sheet1,"R K Puram, Delhi - DPCC",WS (m/s),WindSpeed,0.3,4.15,0.8071,0.57,0,0,0,0.61
"R K Puram, Delhi - DPCC/Raw Data/2025_raw_data_hourly_r_k_puram,_delhi_-_dpcc_1H.csv",sheet1,"R K Puram, Delhi - DPCC",WD (deg),WindDir,16.0,340.25,186.5872,193.75,0,0,5,0.61
"R K Puram, Delhi - DPCC/Raw Data/2025_raw_data_hourly_r_k_puram,_delhi_-_dpcc_1H.csv",sheet1,"R K Puram, Delhi - DPCC",RF (mm),Rainfall,,,,,,,,
"R K Puram, Delhi - DPCC/Raw Data/2025_raw_data_hourly_r_k_puram,_delhi_-_dpcc_1H.csv",sheet1,"R K Puram, Delhi - DPCC",TOT-RF (mm),TotalRainfall,0.0,0.0,0.0,0.0,8760,0,0,0.0
"R K Puram, Delhi - DPCC/Raw Data/2025_raw_data_hourly_r_k_puram,_delhi_-_dpcc_1H.csv",sheet1,"R K Puram, Delhi - DPCC",SR (W/mt2),SolarRad,4.0,1029.5,84.6644,5.5,0,0,12,0.63
"R K Puram, Delhi - DPCC/Raw Data/2025_raw_data_hourly_r_k_puram,_delhi_-_dpcc_1H.csv",sheet1,"R K Puram, Delhi - DPCC",BP (mmHg),BaroPressure,732.0,999.0,980.6317,986.0,0,0,1,1.47
"R K Puram, Delhi - DPCC/Raw Data/2025_raw_data_hourly_r_k_puram,_delhi_-_dpcc_1H.csv",sheet1,"R K Puram, Delhi - DPCC",VWS (m/s),VWS,-9.66,3.54,0.021,0.06,62,3909,0,0.62
"R K Puram, Delhi - DPCC/Raw Data/2026_raw_data_hourly_r_k_puram,_delhi_-_dpcc_1H.csv",sheet1,"R K Puram, Delhi - DPCC",PM2.5 (µg/m³),PM2.5,1.0,974.0,90.612,64.0,0,0,39,5.01
"R K Puram, Delhi - DPCC/Raw Data/2026_raw_data_hourly_r_k_puram,_delhi_-_dpcc_1H.csv",sheet1,"R K Puram, Delhi - DPCC",PM10 (µg/m³),PM10,5.0,941.0,193.7692,172.0,0,0,15,5.96
"R K Puram, Delhi - DPCC/Raw Data/2026_raw_data_hourly_r_k_puram,_delhi_-_dpcc_1H.csv",sheet1,"R K Puram, Delhi - DPCC",NO (µg/m³),NO,0.0,376.5,24.5245,3.0,31,0,9,3.52
"R K Puram, Delhi - DPCC/Raw Data/2026_raw_data_hourly_r_k_puram,_delhi_-_dpcc_1H.csv",sheet1,"R K Puram, Delhi - DPCC",NO2 (µg/m³),NO2,0.0,229.67,40.5408,34.5,2,0,12,3.38
"R K Puram, Delhi - DPCC/Raw Data/2026_raw_data_hourly_r_k_puram,_delhi_-_dpcc_1H.csv",sheet1,"R K Puram, Delhi - DPCC",NOx (ppb),NOx,0.0,464.0,41.5809,23.13,5,0,21,3.24
"R K Puram, Delhi - DPCC/Raw Data/2026_raw_data_hourly_r_k_puram,_delhi_-_dpcc_1H.csv",sheet1,"R K Puram, Delhi - DPCC",NH3 (µg/m³),NH3,0.25,193.0,30.8118,27.0,0,0,0,3.18
"R K Puram, Delhi - DPCC/Raw Data/2026_raw_data_hourly_r_k_puram,_delhi_-_dpcc_1H.csv",sheet1,"R K Puram, Delhi - DPCC",SO2 (µg/m³),SO2,0.0,192.0,21.6154,16.75,20,0,21,9.14
"R K Puram, Delhi - DPCC/Raw Data/2026_raw_data_hourly_r_k_puram,_delhi_-_dpcc_1H.csv",sheet1,"R K Puram, Delhi - DPCC",CO (mg/m³),CO,0.0,8.5,1.0855,1.0,828,0,0,4.46
"R K Puram, Delhi - DPCC/Raw Data/2026_raw_data_hourly_r_k_puram,_delhi_-_dpcc_1H.csv",sheet1,"R K Puram, Delhi - DPCC",Ozone (µg/m³),O3,0.0,172.25,30.9867,19.75,26,0,55,5.84
"R K Puram, Delhi - DPCC/Raw Data/2026_raw_data_hourly_r_k_puram,_delhi_-_dpcc_1H.csv",sheet1,"R K Puram, Delhi - DPCC",Benzene (µg/m³),Benzene,0.0,165.0,1.2409,0.0,2360,0,0,9.32
"R K Puram, Delhi - DPCC/Raw Data/2026_raw_data_hourly_r_k_puram,_delhi_-_dpcc_1H.csv",sheet1,"R K Puram, Delhi - DPCC",Toluene (µg/m³),Toluene,0.0,358.25,10.5386,5.03,339,0,55,9.18
"R K Puram, Delhi - DPCC/Raw Data/2026_raw_data_hourly_r_k_puram,_delhi_-_dpcc_1H.csv",sheet1,"R K Puram, Delhi - DPCC",Xylene (µg/m³),Xylene,,,,,,,,
"R K Puram, Delhi - DPCC/Raw Data/2026_raw_data_hourly_r_k_puram,_delhi_-_dpcc_1H.csv",sheet1,"R K Puram, Delhi - DPCC",O Xylene (µg/m³),Xylene,,,,,,,,
"R K Puram, Delhi - DPCC/Raw Data/2026_raw_data_hourly_r_k_puram,_delhi_-_dpcc_1H.csv",sheet1,"R K Puram, Delhi - DPCC",Eth-Benzene (µg/m³),Benzene,,,,,,,,
"R K Puram, Delhi - DPCC/Raw Data/2026_raw_data_hourly_r_k_puram,_delhi_-_dpcc_1H.csv",sheet1,"R K Puram, Delhi - DPCC",MP-Xylene (µg/m³),Xylene,0.0,843.0,8.6903,2.0,879,0,23,19.2
"R K Puram, Delhi - DPCC/Raw Data/2026_raw_data_hourly_r_k_puram,_delhi_-_dpcc_1H.csv",sheet1,"R K Puram, Delhi - DPCC",AT (°C),Temp_C,4.25,45.75,25.2074,28.0,0,0,51,2.77
"R K Puram, Delhi - DPCC/Raw Data/2026_raw_data_hourly_r_k_puram,_delhi_-_dpcc_1H.csv",sheet1,"R K Puram, Delhi - DPCC",RH (%),RH_pct,19.0,95.0,63.3361,63.75,0,0,0,2.77
"R K Puram, Delhi - DPCC/Raw Data/2026_raw_data_hourly_r_k_puram,_delhi_-_dpcc_1H.csv",sheet1,"R K Puram, Delhi - DPCC",WS (m/s),WindSpeed,0.0,4.03,0.555,0.3,1763,0,0,2.77
"R K Puram, Delhi - DPCC/Raw Data/2026_raw_data_hourly_r_k_puram,_delhi_-_dpcc_1H.csv",sheet1,"R K Puram, Delhi - DPCC",WD (deg),WindDir,54.5,324.75,198.0918,204.0,0,0,0,5.21
"R K Puram, Delhi - DPCC/Raw Data/2026_raw_data_hourly_r_k_puram,_delhi_-_dpcc_1H.csv",sheet1,"R K Puram, Delhi - DPCC",RF (mm),Rainfall,,,,,,,,
"R K Puram, Delhi - DPCC/Raw Data/2026_raw_data_hourly_r_k_puram,_delhi_-_dpcc_1H.csv",sheet1,"R K Puram, Delhi - DPCC",TOT-RF (mm),TotalRainfall,,,,,,,,
"R K Puram, Delhi - DPCC/Raw Data/2026_raw_data_hourly_r_k_puram,_delhi_-_dpcc_1H.csv",sheet1,"R K Puram, Delhi - DPCC",SR (W/mt2),SolarRad,5.0,739.5,75.2242,9.0,0,0,147,2.77
"R K Puram, Delhi - DPCC/Raw Data/2026_raw_data_hourly_r_k_puram,_delhi_-_dpcc_1H.csv",sheet1,"R K Puram, Delhi - DPCC",BP (mmHg),BaroPressure,734.0,988.0,838.9444,742.0,0,0,0,2.99
"R K Puram, Delhi - DPCC/Raw Data/2026_raw_data_hourly_r_k_puram,_delhi_-_dpcc_1H.csv",sheet1,"R K Puram, Delhi - DPCC",VWS (m/s),VWS,-3.47,3.78,-0.0588,0.0,3005,1251,0,2.77
