station_name,hour_of_day,obs_count,pm25_mean,pm25_median,pm10_mean,pm10_median,no2_mean,no2_median,o3_mean,o3_median,co_mean,temp_mean,humidity_mean,wind_speed_mean,aqi_mean,aqi_median,aqi_p90
Anand Vihar,0,943,153.39,104.25,342.35,301.5,70.2,59.7,19.38,11.22,2.39,24.84,67.16,0.51,228.24,208.0,409.8
Anand Vihar,1,943,154.15,100.13,324.17,272.5,64.97,55.47,20.13,11.0,2.25,24.56,68.37,0.49,229.51,211.5,408.1
Anand Vihar,2,943,149.54,98.75,302.03,250.5,61.28,51.75,20.21,10.94,2.12,24.34,69.59,0.47,228.85,207.5,407.9
Anand Vihar,3,943,144.23,97.0,287.25,231.75,60.08,49.62,19.6,10.98,2.0,24.16,70.45,0.49,229.74,210.0,406.2
Anand Vihar,4,943,142.99,96.0,276.53,227.63,59.06,49.17,19.63,10.52,1.95,23.97,71.25,0.49,227.7,204.0,404.6
Anand Vihar,5,943,139.69,99.0,273.55,236.0,63.55,53.78,18.83,9.75,1.97,23.84,71.84,0.46,227.73,201.5,407.2
Anand Vihar,6,943,140.42,105.0,289.17,259.0,64.61,54.96,18.04,9.45,2.04,23.82,72.13,0.48,228.59,204.0,406.8
Anand Vihar,7,943,140.6,110.0,295.62,271.0,65.78,56.3,18.41,9.75,2.07,24.19,70.85,0.55,229.21,203.0,409.2
Anand Vihar,8,943,140.74,115.0,312.93,299.0,66.71,56.5,19.72,11.5,1.95,25.28,66.7,0.64,228.17,203.0,405.0
Anand Vihar,9,943,137.98,106.0,311.94,298.0,63.5,55.6,22.81,14.06,1.77,26.55,60.9,0.72,228.79,203.0,405.3
Anand Vihar,10,943,132.93,99.0,307.53,279.25,60.19,54.78,26.39,15.98,1.67,27.65,56.33,0.88,229.08,205.0,406.4
Anand Vihar,11,943,121.35,82.63,267.08,244.0,56.3,51.09,30.49,18.68,1.53,28.51,52.66,0.96,229.03,201.0,408.0
Anand Vihar,12,943,112.48,75.0,249.55,230.0,52.87,48.58,34.34,22.2,1.45,29.29,50.08,0.98,230.53,203.5,409.0
Anand Vihar,13,943,102.29,69.0,236.83,222.0,51.84,46.35,36.29,25.56,1.36,29.68,48.58,0.95,229.25,202.5,408.1
Anand Vihar,14,943,94.74,67.0,227.59,206.0,52.99,47.94,36.71,26.37,1.33,29.68,48.16,0.91,228.84,204.0,408.6
Anand Vihar,15,943,86.91,61.13,219.49,200.0,53.86,49.46,36.87,26.53,1.3,29.47,48.73,0.87,228.91,203.0,408.0
Anand Vihar,16,943,86.6,64.0,228.28,207.0,59.65,54.55,33.78,21.78,1.32,28.84,50.38,0.78,228.45,203.5,407.9
Anand Vihar,17,943,86.16,64.0,235.83,211.88,67.33,58.63,29.93,18.5,1.39,28.08,52.83,0.64,228.33,202.5,406.3
Anand Vihar,18,943,90.13,65.0,256.83,223.0,76.87,66.37,25.35,16.18,1.58,27.21,55.99,0.58,229.54,201.5,410.7
Anand Vihar,19,943,104.31,72.75,296.2,259.0,84.62,73.99,21.14,13.6,1.94,26.5,59.48,0.53,228.86,201.5,408.1
Anand Vihar,20,943,124.17,86.0,326.66,289.75,86.3,75.63,19.4,11.42,2.33,26.03,61.86,0.53,228.69,203.0,409.0
Anand Vihar,21,943,140.02,97.0,354.49,320.0,85.79,74.0,20.27,10.89,2.59,25.71,63.5,0.53,228.98,203.5,410.1
Anand Vihar,22,943,150.05,106.5,357.01,326.0,81.9,70.16,19.15,10.79,2.7,25.43,64.86,0.52,228.66,206.5,410.3
Anand Vihar,23,943,154.85,107.0,359.42,313.0,75.96,65.1,19.13,10.5,2.63,25.14,66.0,0.52,228.94,206.0,410.4
Bawana,0,943,134.81,100.0,240.32,207.0,29.46,25.72,16.86,10.97,1.17,23.27,72.95,0.8,220.27,213.0,402.9
Bawana,1,943,136.61,105.0,230.14,194.5,27.2,23.78,17.02,11.2,1.1,23.01,74.17,0.78,220.88,213.0,401.2
Bawana,2,943,129.47,100.0,212.22,180.5,25.48,21.8,22.01,13.67,1.06,22.78,75.29,0.78,220.49,213.0,398.2
Bawana,3,943,134.41,103.88,214.95,189.0,24.45,20.9,15.54,10.58,1.03,22.58,76.29,0.74,224.66,221.0,397.6
Bawana,4,943,139.01,111.5,216.8,195.0,23.7,20.78,14.68,9.83,1.03,22.39,77.16,0.74,220.44,208.5,397.0
Bawana,5,943,140.65,110.0,220.38,193.0,23.23,20.69,13.99,9.15,1.04,22.19,78.09,0.75,220.58,204.0,398.2
Bawana,6,943,139.32,111.0,218.09,191.0,23.51,21.28,13.11,8.3,1.08,22.2,78.52,0.78,220.03,208.0,396.6
Bawana,7,943,142.06,115.13,228.73,200.0,24.0,21.01,13.31,8.9,1.16,22.98,76.17,0.89,220.87,207.5,400.3
Bawana,8,943,146.05,120.75,237.04,212.0,23.71,19.01,16.9,10.92,1.14,24.66,69.62,1.15,220.63,203.0,398.6
Bawana,9,943,136.65,103.25,225.77,200.5,21.96,16.42,25.44,17.15,1.03,26.44,61.91,1.44,221.08,205.5,401.1
Bawana,10,943,120.72,88.0,211.01,189.0,18.74,14.0,38.29,30.0,0.93,27.79,56.17,1.7,221.18,208.0,398.8
Bawana,11,943,108.29,75.0,201.52,173.0,15.97,11.96,53.27,44.78,0.85,28.79,51.92,1.84,221.12,204.0,400.4
Bawana,12,943,95.22,63.0,188.67,164.0,13.41,10.51,66.18,58.5,0.79,29.55,48.76,1.92,221.77,212.0,406.0
Bawana,13,943,87.12,57.75,178.56,155.0,12.1,9.6,74.83,69.0,0.74,30.01,46.81,1.96,221.14,211.0,404.6
Bawana,14,943,80.38,54.25,171.17,146.5,11.11,9.1,79.45,76.55,0.71,30.05,46.1,1.92,221.09,212.5,402.3
Bawana,15,943,74.78,50.0,164.92,143.0,11.36,9.15,80.1,78.85,0.7,29.22,47.8,1.84,221.07,214.5,401.1
Bawana,16,943,72.24,50.0,165.06,146.0,11.73,9.74,77.3,77.25,0.72,28.37,50.51,1.66,221.19,216.0,400.0
Bawana,17,943,73.55,50.0,170.37,151.0,15.82,12.02,64.35,58.61,0.78,27.35,54.24,1.38,220.73,216.0,399.5
Bawana,18,943,83.56,53.0,192.65,164.25,25.04,17.0,45.8,38.88,0.99,26.13,59.46,1.09,221.43,218.0,402.8
Bawana,19,943,106.89,64.0,238.36,206.0,33.17,26.7,31.22,25.2,1.24,25.09,64.05,0.96,220.73,213.0,401.6
Bawana,20,943,128.67,85.0,274.64,253.38,37.44,31.72,23.19,16.69,1.43,24.5,67.01,0.9,220.51,214.0,400.6
Bawana,21,943,137.84,97.5,284.44,252.5,37.45,32.0,19.67,13.69,1.51,24.14,68.99,0.84,221.32,212.0,401.4
Bawana,22,943,143.47,102.25,284.52,244.0,35.42,30.25,17.81,11.82,1.47,23.83,70.51,0.8,220.08,211.0,403.0
Bawana,23,943,140.07,101.0,264.36,223.0,32.56,27.75,17.36,11.09,1.37,23.58,71.69,0.83,220.19,212.0,403.3
Dwarka-Sector 8,0,1096,126.34,85.5,264.53,231.0,47.8,40.4,16.47,10.88,1.68,23.85,70.91,0.77,212.31,186.0,381.2
Dwarka-Sector 8,1,1096,121.78,84.75,238.35,212.0,43.29,36.08,17.04,11.3,1.49,23.53,72.07,0.77,211.99,185.0,382.0
Dwarka-Sector 8,2,1096,118.67,84.5,219.66,192.0,40.94,34.45,15.65,10.37,1.34,23.27,73.03,0.78,211.14,181.0,381.7
Dwarka-Sector 8,3,1096,117.69,86.0,208.96,182.0,38.21,31.77,15.51,10.68,1.24,23.0,73.97,0.79,212.7,185.0,380.4
Dwarka-Sector 8,4,1096,116.04,86.5,199.33,179.0,36.56,30.55,14.84,9.91,1.13,22.75,74.9,0.79,211.07,183.5,377.1
Dwarka-Sector 8,5,1096,114.23,87.5,198.39,176.0,37.61,31.47,13.06,8.45,1.14,22.53,75.61,0.79,211.1,185.0,378.0
Dwarka-Sector 8,6,1096,115.26,91.0,208.28,182.25,39.53,33.99,11.89,7.68,1.3,22.51,75.9,0.82,210.16,184.5,376.5
Dwarka-Sector 8,7,1096,119.64,98.63,243.68,214.88,41.15,35.44,12.42,8.4,1.45,23.13,74.14,0.89,210.3,186.0,376.0
Dwarka-Sector 8,8,1096,121.42,101.0,266.79,236.75,42.92,35.14,16.54,12.48,1.44,24.36,69.81,0.99,209.43,183.0,373.0
Dwarka-Sector 8,9,1096,119.63,94.5,268.08,248.0,41.81,32.55,25.88,20.99,1.22,25.72,64.62,1.07,210.02,182.0,372.4
Dwarka-Sector 8,10,1096,111.42,82.25,243.48,225.88,38.4,29.18,38.84,33.95,1.08,27.2,59.12,1.13,210.78,182.0,375.6
Dwarka-Sector 8,11,1096,101.52,68.5,219.84,199.5,32.79,26.02,52.82,47.1,0.95,28.59,53.96,1.16,210.8,179.0,375.0
Dwarka-Sector 8,12,1096,91.49,57.0,202.38,182.0,29.66,23.8,62.38,55.0,0.9,29.36,50.98,1.22,212.35,182.5,375.2
Dwarka-Sector 8,13,1096,84.21,51.5,190.79,170.0,27.39,22.76,68.87,59.27,0.86,29.6,49.68,1.24,212.02,183.0,375.0
Dwarka-Sector 8,14,1096,77.79,47.63,181.01,161.38,28.68,24.29,69.1,59.68,0.85,29.75,48.84,1.23,212.15,185.0,376.0
Dwarka-Sector 8,15,1096,73.99,44.13,176.89,155.0,28.71,24.16,68.43,59.03,0.81,29.62,49.01,1.21,213.06,187.0,376.7
Dwarka-Sector 8,16,1096,71.3,41.88,171.03,146.5,33.57,25.9,62.17,55.29,0.92,29.17,50.43,1.13,213.31,189.0,374.0
Dwarka-Sector 8,17,1096,72.61,43.0,184.33,151.0,46.16,32.89,47.68,41.69,1.35,28.1,54.09,1.0,214.4,188.0,378.6
Dwarka-Sector 8,18,1096,80.55,45.75,229.87,171.0,58.16,45.3,32.63,25.62,2.02,26.72,59.11,0.88,214.94,189.0,382.5
Dwarka-Sector 8,19,1096,97.15,56.5,280.01,216.0,65.27,54.97,21.88,15.45,2.5,25.74,63.1,0.79,213.02,184.0,380.6
Dwarka-Sector 8,20,1096,115.71,73.0,317.92,254.0,65.26,56.35,17.46,12.17,2.66,25.22,65.51,0.78,212.12,183.0,378.4
Dwarka-Sector 8,21,1096,129.75,85.0,323.09,263.0,62.83,54.18,15.96,10.55,2.67,24.85,67.2,0.77,213.18,184.0,377.7
Dwarka-Sector 8,22,1096,134.45,88.88,317.88,262.0,58.28,49.97,15.93,10.17,2.43,24.51,68.5,0.77,212.13,183.0,379.0
Dwarka-Sector 8,23,1096,132.68,88.5,295.91,250.0,52.69,44.83,16.13,10.46,2.09,24.18,69.77,0.78,212.52,187.5,379.5
ITO,0,943,114.52,79.25,179.79,150.5,84.06,62.93,17.58,15.5,1.71,,,,194.28,152.0,378.6
ITO,1,943,111.28,76.25,172.7,144.13,82.12,59.75,17.6,15.49,1.56,,,,194.96,155.0,377.0
ITO,2,943,107.08,76.75,163.81,135.5,77.61,58.28,17.52,15.35,1.34,,,,194.26,154.0,374.4
ITO,3,943,105.2,76.25,157.99,130.63,74.39,56.25,17.57,15.34,1.18,,,,196.34,153.0,373.0
ITO,4,943,104.44,77.25,153.08,126.5,71.84,54.75,17.21,15.3,1.22,,,,195.59,151.0,374.2
ITO,5,943,103.64,78.5,153.14,128.0,73.0,57.28,17.38,15.1,1.24,,,,194.79,150.0,373.0
ITO,6,943,105.25,81.0,156.07,131.88,76.61,61.58,16.99,15.01,1.26,,,,193.92,148.0,370.0
ITO,7,943,107.49,83.0,163.72,140.25,75.58,59.33,17.03,15.0,1.24,,,,193.42,146.0,370.0
ITO,8,943,111.06,84.5,173.89,148.0,68.04,54.89,19.09,16.16,1.15,,,,192.91,148.0,370.0
ITO,9,943,112.9,86.25,177.8,151.75,58.28,49.52,23.82,18.98,1.07,,,,193.59,148.5,371.4
ITO,10,943,107.15,76.5,168.97,139.5,54.67,48.21,30.34,24.1,0.95,,,,194.13,152.0,374.9
ITO,11,943,96.72,65.5,154.58,129.63,49.51,45.11,36.83,30.15,0.84,,,,193.75,152.0,374.0
ITO,12,943,86.91,57.25,141.15,114.0,44.87,41.25,42.77,37.49,0.85,,,,194.51,152.0,375.0
ITO,13,943,79.72,52.5,130.25,107.75,43.21,40.5,46.8,42.5,0.81,,,,193.5,147.0,376.4
ITO,14,943,73.27,48.63,121.95,99.25,41.4,38.25,48.12,44.75,0.78,,,,193.54,149.0,375.8
ITO,15,943,69.84,45.75,118.51,96.25,41.77,39.0,46.36,44.01,0.78,,,,194.0,150.5,375.7
ITO,16,943,66.8,45.63,114.28,96.75,46.0,42.18,40.76,37.2,0.87,,,,193.71,152.0,378.2
ITO,17,943,67.03,45.25,116.3,93.25,53.08,46.37,32.23,27.2,1.12,,,,193.75,152.0,381.6
ITO,18,943,72.78,48.75,129.6,100.75,64.9,51.8,24.15,20.68,1.5,,,,194.55,152.0,381.8
ITO,19,943,82.75,56.0,145.57,117.75,74.65,55.75,19.76,16.9,1.89,,,,193.74,151.0,381.2
ITO,20,943,96.25,66.88,163.52,137.5,78.44,61.33,18.19,16.02,1.97,,,,193.81,151.0,381.0
ITO,21,943,106.21,75.75,176.82,151.0,81.81,62.72,17.91,15.95,2.2,,,,194.57,154.0,381.0
ITO,22,943,112.07,79.0,182.96,158.63,81.52,62.18,17.86,15.61,2.22,,,,193.72,150.0,381.0
ITO,23,943,113.71,80.33,181.74,152.67,82.94,62.6,17.66,15.47,2.15,,,,194.38,150.5,381.0
Jahangirpuri,0,943,139.92,104.0,297.7,267.0,56.51,50.5,13.41,8.54,1.67,23.86,69.68,0.52,241.28,226.0,406.0
Jahangirpuri,1,943,134.49,101.0,283.6,251.5,53.31,47.15,14.11,8.8,1.53,23.6,70.74,0.51,242.23,226.0,405.4
Jahangirpuri,2,943,133.1,100.0,270.71,237.0,50.5,44.0,14.97,9.76,1.39,23.37,71.69,0.52,241.02,225.0,403.8
Jahangirpuri,3,943,131.87,100.75,261.43,233.0,48.47,42.05,14.69,9.38,1.34,23.2,72.49,0.53,242.44,228.0,404.1
Jahangirpuri,4,943,133.73,98.33,254.12,226.0,47.26,40.99,14.31,9.32,1.27,23.05,73.09,0.53,241.19,226.0,403.1
Jahangirpuri,5,943,132.46,100.0,250.09,223.5,46.62,40.39,13.73,8.88,1.27,22.89,73.71,0.54,241.02,225.0,403.1
Jahangirpuri,6,943,135.01,108.0,260.02,232.0,48.36,41.63,12.91,8.74,1.36,22.79,74.17,0.56,239.74,225.0,401.5
Jahangirpuri,7,943,139.95,117.0,280.41,254.0,49.68,42.35,13.66,9.99,1.51,23.23,72.91,0.61,240.48,226.0,403.2
Jahangirpuri,8,943,147.71,124.0,291.6,263.25,48.08,40.42,19.18,13.75,1.54,24.09,69.43,0.7,239.7,224.0,403.0
Jahangirpuri,9,943,142.97,118.0,288.16,265.0,45.41,36.6,29.23,20.62,1.44,25.11,64.91,0.78,240.85,225.0,402.4
Jahangirpuri,10,943,134.6,104.5,271.26,248.0,41.52,31.5,40.67,31.48,1.32,26.28,59.94,0.84,241.68,226.5,401.0
Jahangirpuri,11,943,118.89,86.0,253.85,227.0,37.38,28.32,51.57,40.83,1.17,27.31,55.43,0.89,240.93,225.0,401.8
Jahangirpuri,12,943,105.2,72.0,231.3,202.0,34.27,26.52,60.19,50.02,1.06,28.18,51.83,0.92,242.09,228.0,402.8
Jahangirpuri,13,943,92.35,62.0,212.91,183.0,32.17,24.5,65.6,54.7,0.97,28.89,49.14,0.94,241.83,228.0,401.0
Jahangirpuri,14,943,82.03,56.0,196.0,172.0,30.78,23.51,67.87,58.15,0.87,29.0,48.23,0.94,242.49,230.5,402.5
Jahangirpuri,15,943,76.61,53.0,186.66,166.0,31.27,23.85,66.63,58.08,0.86,28.57,49.32,0.92,242.15,229.0,402.5
Jahangirpuri,16,943,74.51,52.0,186.83,162.0,33.67,26.0,61.04,53.47,0.92,28.12,50.88,0.84,242.27,231.0,408.0
Jahangirpuri,17,943,77.37,52.0,200.3,177.0,41.32,31.67,48.61,40.67,1.15,27.33,53.84,0.74,241.59,228.0,406.0
Jahangirpuri,18,943,95.32,62.17,236.29,202.25,52.38,42.62,33.58,25.92,1.66,26.18,58.47,0.6,241.44,229.0,407.3
Jahangirpuri,19,943,127.32,80.0,294.73,262.0,61.55,55.69,22.18,14.75,2.15,25.4,62.09,0.53,241.7,227.0,408.6
Jahangirpuri,20,943,151.32,105.5,333.14,304.88,65.15,59.72,16.57,10.55,2.32,24.92,64.64,0.53,241.52,226.0,408.6
Jahangirpuri,21,943,157.91,116.0,335.1,309.5,63.97,58.57,14.65,9.1,2.31,24.61,66.28,0.52,242.33,226.0,409.5
Jahangirpuri,22,943,153.83,112.5,325.4,299.0,61.43,55.3,13.67,8.8,2.15,24.33,67.6,0.53,241.18,224.0,408.4
Jahangirpuri,23,943,147.17,107.5,310.3,280.0,59.48,53.45,13.6,8.73,1.9,24.11,68.66,0.52,241.4,225.5,408.0
Punjabi Bagh,0,943,134.76,85.5,249.09,201.75,43.58,41.69,14.96,8.65,1.27,24.99,67.12,0.38,199.09,162.0,389.0
Punjabi Bagh,1,943,131.26,85.0,238.6,199.38,40.32,38.5,15.18,8.6,1.16,24.81,68.16,0.37,198.53,161.0,388.6
Punjabi Bagh,2,943,133.54,92.0,225.81,188.0,37.59,35.22,17.79,9.83,1.07,24.62,69.06,0.38,196.9,160.0,388.6
Punjabi Bagh,3,943,129.8,94.5,213.38,175.0,33.67,31.15,17.69,10.05,0.98,24.42,69.79,0.37,198.82,161.0,390.0
Punjabi Bagh,4,943,124.17,89.0,200.58,168.0,32.05,29.75,17.11,10.12,0.92,24.25,70.44,0.37,197.31,159.0,385.2
Punjabi Bagh,5,943,120.91,89.0,195.09,168.0,31.23,29.13,16.06,9.68,0.88,24.12,71.02,0.38,196.77,160.0,381.4
Punjabi Bagh,6,943,120.65,90.0,196.99,168.63,32.08,30.49,15.38,8.94,0.88,24.0,71.51,0.39,195.59,156.5,378.4
Punjabi Bagh,7,943,123.15,91.5,206.26,184.0,34.08,31.88,16.22,8.8,0.94,24.22,70.65,0.45,196.66,156.5,381.0
Punjabi Bagh,8,943,125.64,95.0,228.93,205.0,34.96,32.25,21.17,13.06,0.99,25.02,66.81,0.58,196.05,159.5,380.9
Punjabi Bagh,9,943,128.5,100.0,244.08,221.0,34.89,31.88,31.73,23.5,0.95,26.17,61.08,0.67,196.42,159.0,381.8
Punjabi Bagh,10,943,123.95,96.0,230.88,207.0,33.95,30.02,45.08,36.21,0.9,27.32,55.63,0.74,196.43,158.0,383.4
Punjabi Bagh,11,943,116.24,86.0,218.3,193.0,31.26,26.2,58.49,48.32,0.85,28.45,50.8,0.78,197.95,160.5,384.0
Punjabi Bagh,12,943,103.45,73.0,203.2,178.0,29.58,24.55,64.35,56.02,0.79,29.03,47.96,0.84,200.42,165.0,386.3
Punjabi Bagh,13,943,90.66,63.0,184.42,160.0,28.0,22.98,69.53,59.28,0.77,29.42,46.35,0.86,203.03,170.0,386.2
Punjabi Bagh,14,943,79.69,55.0,170.99,145.0,27.41,22.18,67.86,60.5,0.75,29.53,45.65,0.82,202.19,173.5,388.9
Punjabi Bagh,15,943,72.91,47.0,166.17,138.0,28.62,23.93,66.29,59.15,0.75,29.42,45.96,0.77,201.67,174.0,392.0
Punjabi Bagh,16,943,68.54,46.0,160.3,133.0,29.15,26.0,62.2,55.68,0.77,28.93,47.64,0.66,202.26,176.0,394.0
Punjabi Bagh,17,943,70.91,47.0,162.0,134.0,31.75,28.25,51.99,43.25,0.84,27.97,51.33,0.54,201.57,175.5,396.0
Punjabi Bagh,18,943,74.39,50.0,172.17,141.0,37.82,34.48,35.38,27.05,1.03,27.04,55.72,0.44,202.47,174.0,396.4
Punjabi Bagh,19,943,86.45,61.0,195.47,163.5,44.92,41.85,22.6,14.22,1.31,26.37,59.47,0.4,199.68,166.5,396.5
Punjabi Bagh,20,943,101.67,68.0,223.63,195.5,49.71,46.73,16.16,9.72,1.59,25.94,62.11,0.41,200.74,170.0,396.4
Punjabi Bagh,21,943,114.02,75.5,244.44,216.38,49.73,46.88,14.95,8.75,1.74,25.66,63.71,0.4,201.4,172.0,392.5
Punjabi Bagh,22,943,124.76,83.0,254.51,218.75,48.35,45.75,15.11,8.83,1.75,25.45,64.84,0.41,198.9,168.5,389.7
Punjabi Bagh,23,943,130.92,84.0,253.83,214.0,46.54,43.58,14.36,8.42,1.67,25.23,66.0,0.4,199.35,164.0,393.2
R K Puram,0,943,130.03,91.0,226.12,207.0,45.28,40.25,19.07,15.51,1.81,21.66,75.16,0.4,205.18,175.0,382.2
R K Puram,1,943,126.72,93.25,216.11,192.0,41.96,38.2,20.7,15.88,1.58,21.26,76.09,0.39,206.22,176.0,381.0
R K Puram,2,943,113.8,84.0,199.73,178.5,37.88,33.2,20.89,15.82,1.38,20.9,77.0,0.4,205.54,177.0,380.0
R K Puram,3,943,110.37,83.0,188.47,166.0,36.72,32.21,20.54,16.38,1.25,20.58,77.7,0.4,207.66,179.0,380.3
R K Puram,4,943,106.19,80.88,171.58,154.0,35.81,30.55,19.84,15.95,1.13,20.31,78.33,0.41,205.64,178.5,376.1
R K Puram,5,943,107.49,81.0,171.45,153.0,35.81,31.55,19.56,15.42,1.08,20.04,78.87,0.42,206.19,179.0,376.0
R K Puram,6,943,111.62,90.0,179.97,163.67,37.14,32.78,18.5,14.82,1.07,19.95,79.25,0.44,204.8,177.0,375.0
R K Puram,7,943,119.0,99.0,202.19,183.0,39.85,35.4,18.91,15.31,1.19,20.77,78.07,0.49,204.65,176.5,376.9
R K Puram,8,943,128.33,105.0,225.79,206.5,41.6,36.72,22.93,18.9,1.16,22.85,73.2,0.7,204.8,174.0,376.2
R K Puram,9,943,122.89,97.0,231.71,205.84,40.58,33.02,33.45,28.7,0.95,25.36,66.14,0.89,205.05,175.0,378.0
R K Puram,10,943,111.74,84.0,223.93,196.0,34.82,27.15,48.66,41.87,0.84,27.57,59.64,1.02,204.9,175.0,378.2
R K Puram,11,943,102.26,73.0,210.29,180.63,28.7,21.6,60.84,52.5,0.76,29.52,54.09,1.09,205.39,174.0,382.4
R K Puram,12,943,91.96,64.0,202.24,176.84,24.83,18.89,71.11,60.42,0.7,30.74,50.34,1.14,205.99,174.5,382.7
R K Puram,13,943,84.98,59.0,187.11,167.0,23.04,17.6,77.02,64.49,0.69,31.13,48.64,1.13,205.64,175.0,384.0
R K Puram,14,943,79.43,56.0,170.01,150.13,22.16,17.35,78.76,66.25,0.68,30.87,48.47,1.08,206.06,174.0,386.2
R K Puram,15,943,76.19,52.0,165.31,147.0,22.85,17.79,77.63,66.55,0.69,30.42,49.18,0.99,206.34,176.0,387.6
R K Puram,16,943,73.73,51.0,162.9,141.96,27.17,20.63,69.27,61.57,0.75,29.66,51.28,0.83,206.68,178.0,388.0
R K Puram,17,943,73.82,50.0,170.9,144.0,36.68,26.78,55.48,44.5,0.87,28.17,55.3,0.64,205.45,178.0,388.0
R K Puram,18,943,80.51,52.0,188.15,152.0,51.13,40.79,38.96,30.79,1.24,26.2,60.78,0.47,206.54,178.0,389.0
R K Puram,19,943,100.14,59.0,211.56,174.84,61.88,56.3,25.97,19.18,1.83,24.68,65.59,0.43,205.99,177.0,386.7
R K Puram,20,943,128.09,79.0,246.93,209.34,62.91,58.42,21.32,16.87,2.3,23.77,69.05,0.43,205.58,175.0,385.7
R K Puram,21,943,145.27,95.0,261.74,222.0,58.83,53.9,20.42,16.3,2.46,23.09,71.44,0.42,205.98,177.0,386.8
R K Puram,22,943,149.8,102.0,258.56,224.0,53.33,49.05,19.39,15.82,2.32,22.58,73.04,0.4,205.39,172.0,387.2
R K Puram,23,943,139.76,97.0,244.6,217.0,48.27,43.75,19.39,15.64,2.07,22.13,74.11,0.4,205.2,175.0,384.0
