station_name,year,month,month_name,caaqms_obs,pm25_mean,pm25_median,pm10_mean,pm10_median,no2_mean,o3_mean,temp_mean,humidity_mean,wind_speed_mean,aqi_obs,aqi_mean,aqi_median,aqi_p90
Anand Vihar,2024,1,Jan,744,252.19,237.5,402.94,381.63,83.32,18.04,11.71,78.47,0.48,0,,,
Anand Vihar,2024,2,Feb,696,121.33,99.42,287.85,241.0,101.18,19.61,17.22,62.69,0.57,0,,,
Anand Vihar,2024,3,Mar,744,86.72,72.38,220.45,192.13,63.63,31.74,19.33,54.62,0.97,0,,,
Anand Vihar,2024,4,Apr,720,87.61,74.5,284.63,262.5,81.35,44.43,30.39,38.97,0.55,0,,,
Anand Vihar,2024,5,May,744,117.94,109.0,334.33,298.0,75.14,48.78,34.66,40.67,0.88,0,,,
Anand Vihar,2024,6,Jun,720,74.91,69.0,288.36,256.0,63.71,81.2,37.76,42.74,0.75,0,,,
Anand Vihar,2024,7,Jul,744,52.13,48.0,136.71,132.0,26.43,69.98,33.89,68.57,0.31,0,,,
Anand Vihar,2024,8,Aug,744,44.31,39.0,130.62,101.0,66.29,71.97,32.99,74.15,0.72,0,,,
Anand Vihar,2024,9,Sep,720,88.87,64.0,225.69,150.5,62.22,45.84,33.3,73.24,1.36,0,,,
Anand Vihar,2024,10,Oct,744,151.28,134.5,487.78,441.0,86.75,49.93,32.32,57.38,0.77,0,,,
Anand Vihar,2024,11,Nov,720,313.15,287.0,544.15,532.0,106.94,26.64,26.75,62.54,0.68,0,,,
Anand Vihar,2024,12,Dec,744,211.62,175.0,360.77,320.5,148.36,11.22,17.8,64.93,0.81,0,,,
Anand Vihar,2025,1,Jan,744,228.97,200.0,367.47,317.5,78.73,6.2,19.67,74.94,0.61,550,356.02,364.5,417.1
Anand Vihar,2025,2,Feb,672,128.02,104.5,285.78,246.0,96.34,8.77,22.44,57.5,3.78,397,258.43,261.0,352.8
Anand Vihar,2025,3,Mar,744,81.45,67.0,229.47,200.5,81.12,16.15,25.26,51.67,0.53,724,199.48,189.5,290.7
Anand Vihar,2025,4,Apr,720,84.09,72.0,262.0,244.0,68.68,20.65,32.48,44.15,0.85,712,223.52,224.0,298.0
Anand Vihar,2025,5,May,744,71.44,60.0,193.18,172.0,62.95,16.38,31.74,57.0,0.98,735,169.76,163.0,233.6
Anand Vihar,2025,6,Jun,720,50.97,47.0,165.65,145.0,52.46,16.61,32.3,60.88,0.74,700,148.85,139.5,263.2
Anand Vihar,2025,7,Jul,744,38.32,34.0,92.31,81.0,43.41,4.43,31.54,75.37,0.74,727,86.02,82.0,121.0
Anand Vihar,2025,8,Aug,744,51.59,48.0,127.0,111.0,37.19,14.06,29.62,75.96,0.59,718,121.94,113.0,172.3
Anand Vihar,2025,9,Sep,720,59.58,55.0,189.98,167.0,28.71,8.99,27.93,67.63,0.54,713,164.68,153.0,275.0
Anand Vihar,2025,10,Oct,744,134.65,106.0,352.95,300.0,44.6,17.89,25.01,65.04,0.36,738,288.35,337.0,414.0
Anand Vihar,2025,11,Nov,720,257.78,245.0,449.06,447.0,114.77,19.19,19.7,58.55,0.74,674,383.01,394.0,438.0
Anand Vihar,2025,12,Dec,744,276.49,254.0,436.16,410.5,78.93,12.29,16.11,67.95,0.47,742,392.47,404.0,460.0
Anand Vihar,2026,1,Jan,744,222.64,191.0,383.04,338.5,38.25,10.46,12.36,71.8,0.11,0,,,
Anand Vihar,2026,2,Feb,672,138.7,132.0,331.68,299.0,61.57,13.7,15.67,63.86,0.13,0,,,
Anand Vihar,2026,3,Mar,744,93.85,83.0,279.14,264.0,40.96,20.09,25.68,57.47,0.1,0,,,
Anand Vihar,2026,4,Apr,720,89.45,73.0,285.89,256.0,54.74,22.2,28.05,42.8,0.09,0,,,
Anand Vihar,2026,5,May,744,69.51,64.25,239.33,218.75,40.61,16.69,32.75,47.18,0.42,0,,,
Anand Vihar,2026,6,Jun,720,56.8,52.63,278.95,255.0,47.07,21.09,32.21,50.29,0.42,0,,,
Anand Vihar,2026,8,Aug,744,91.83,81.25,244.94,197.88,27.05,6.41,31.94,72.28,0.39,0,,,
Bawana,2024,1,Jan,744,206.42,193.0,332.2,310.88,28.54,14.85,8.91,80.08,0.77,0,,,
Bawana,2024,2,Feb,696,123.78,114.0,221.61,196.13,31.96,32.37,13.23,68.16,1.16,0,,,
Bawana,2024,3,Mar,744,103.35,89.0,214.75,196.75,28.05,43.66,19.73,57.27,1.43,0,,,
Bawana,2024,4,Apr,720,93.35,69.0,247.72,219.63,31.85,61.88,29.11,42.43,1.58,0,,,
Bawana,2024,5,May,744,109.17,85.0,304.97,278.0,32.53,76.07,33.16,38.73,1.69,0,,,
Bawana,2024,6,Jun,720,67.34,56.0,220.9,206.0,24.29,52.03,34.75,46.66,1.62,0,,,
Bawana,2024,7,Jul,744,42.37,39.0,100.73,90.0,15.82,40.97,32.46,68.78,1.38,0,,,
Bawana,2024,8,Aug,744,33.28,30.75,69.5,66.0,11.58,21.38,31.1,74.96,1.44,0,,,
Bawana,2024,9,Sep,720,52.26,46.0,109.67,104.0,14.97,24.92,30.49,73.64,1.34,0,,,
Bawana,2024,10,Oct,744,141.36,125.0,266.7,238.0,31.92,43.94,29.25,62.65,1.3,0,,,
Bawana,2024,11,Nov,720,306.53,288.25,436.93,415.0,43.81,51.47,25.02,66.38,0.81,0,,,
Bawana,2024,12,Dec,744,218.27,189.25,304.78,267.0,39.72,35.28,17.56,68.36,0.85,0,,,
Bawana,2025,1,Jan,744,199.48,173.0,268.02,237.0,32.49,30.04,15.06,80.44,0.91,742,343.37,344.0,412.9
Bawana,2025,2,Feb,672,123.94,113.0,205.58,184.0,28.51,40.38,17.8,68.66,1.0,650,249.42,252.0,330.0
Bawana,2025,3,Mar,744,104.44,81.0,201.02,177.5,23.75,48.13,21.66,57.64,1.33,737,206.4,221.0,272.0
Bawana,2025,4,Apr,720,107.47,89.0,270.76,250.0,27.09,65.57,31.71,43.93,1.51,712,234.99,249.5,297.9
Bawana,2025,5,May,744,79.29,69.0,178.29,158.0,18.71,49.7,32.34,56.19,1.51,729,173.2,165.0,253.0
Bawana,2025,6,Jun,720,58.55,53.0,142.09,118.0,13.34,39.86,33.2,59.86,2.03,710,134.08,122.0,215.0
Bawana,2025,7,Jul,744,32.88,30.0,65.72,62.0,8.88,14.23,31.89,74.98,1.99,724,66.76,66.0,88.0
Bawana,2025,8,Aug,744,38.36,35.0,80.25,77.0,7.37,13.71,31.41,79.35,1.51,714,80.4,80.5,104.0
Bawana,2025,9,Sep,720,48.78,42.0,109.69,107.0,9.72,17.64,31.6,73.24,1.53,683,108.46,104.0,145.8
Bawana,2025,10,Oct,744,145.37,121.0,217.02,198.0,23.12,42.92,28.6,71.13,0.83,738,257.42,280.5,382.3
Bawana,2025,11,Nov,720,291.96,287.0,399.29,387.0,40.06,44.03,20.92,65.63,0.79,717,403.17,419.0,451.0
Bawana,2025,12,Dec,744,248.83,232.5,356.27,317.0,30.97,27.27,16.0,77.13,0.83,742,381.81,377.0,431.9
Bawana,2026,1,Jan,744,166.77,147.0,263.38,226.0,21.95,26.14,11.49,80.32,0.87,0,,,
Bawana,2026,2,Feb,672,135.57,124.0,225.31,202.0,23.88,32.53,13.99,73.05,0.71,0,,,
Bawana,2026,3,Mar,744,97.79,84.0,222.89,212.0,18.46,30.61,23.95,65.9,0.81,0,,,
Bawana,2026,4,Apr,720,83.33,59.0,224.04,195.0,20.8,33.59,27.61,46.75,0.49,0,,,
Bawana,2026,5,May,744,60.2,48.0,193.63,171.0,14.73,21.94,31.51,47.38,1.06,0,,,
Bawana,2026,6,Jun,720,53.12,44.0,156.49,138.0,14.22,14.12,33.44,53.3,0.85,0,,,
Bawana,2026,8,Aug,744,61.69,57.0,107.98,105.0,6.58,11.61,30.14,74.06,1.18,0,,,
Dwarka-Sector 8,2023,1,Jan,744,203.43,175.42,311.45,270.5,26.66,8.48,12.75,73.41,0.76,0,,,
Dwarka-Sector 8,2023,2,Feb,672,120.48,107.63,278.68,242.5,33.09,18.15,19.38,63.63,0.9,0,,,
Dwarka-Sector 8,2023,3,Mar,744,72.93,61.38,181.56,154.38,31.42,21.22,23.7,58.26,0.89,0,,,
Dwarka-Sector 8,2023,4,Apr,720,73.0,51.13,238.41,192.75,33.54,25.67,28.57,44.36,0.83,0,,,
Dwarka-Sector 8,2023,5,May,744,66.18,46.5,214.87,167.5,28.05,32.0,30.62,49.11,0.91,0,,,
Dwarka-Sector 8,2023,6,Jun,720,41.21,34.5,147.25,127.13,21.88,21.95,32.12,56.34,0.97,0,,,
Dwarka-Sector 8,2023,7,Jul,744,30.61,29.25,85.36,77.75,18.47,14.41,30.77,70.79,0.96,0,,,
Dwarka-Sector 8,2023,8,Aug,744,32.63,31.5,118.68,114.0,13.44,11.76,31.24,65.18,0.99,0,,,
Dwarka-Sector 8,2023,9,Sep,720,36.05,34.75,113.9,115.0,17.71,18.77,32.75,64.71,0.93,0,,,
Dwarka-Sector 8,2023,10,Oct,744,109.28,94.75,262.48,228.0,33.08,23.14,30.42,57.25,0.7,0,,,
Dwarka-Sector 8,2023,11,Nov,720,268.32,262.75,434.25,420.25,46.23,15.31,23.72,68.36,0.52,0,,,
Dwarka-Sector 8,2023,12,Dec,744,219.66,213.13,362.83,345.0,36.91,8.91,17.03,74.21,0.59,0,,,
Dwarka-Sector 8,2024,1,Jan,744,234.78,218.13,352.71,330.5,27.08,14.82,12.25,81.51,0.96,0,,,
Dwarka-Sector 8,2024,2,Feb,696,116.9,98.63,271.02,216.38,27.41,21.6,15.43,68.11,1.05,0,,,
Dwarka-Sector 8,2024,3,Mar,744,87.12,72.0,250.96,214.38,26.37,30.93,19.27,54.55,1.22,0,,,
Dwarka-Sector 8,2024,4,Apr,720,73.79,59.5,257.19,220.75,30.38,34.33,29.48,40.87,1.16,0,,,
Dwarka-Sector 8,2024,5,May,744,87.22,66.38,295.58,248.0,45.75,47.18,33.58,38.28,1.27,0,,,
Dwarka-Sector 8,2024,6,Jun,720,52.17,45.0,222.63,195.0,26.37,47.57,35.51,46.1,1.39,0,,,
Dwarka-Sector 8,2024,7,Jul,744,42.13,41.0,123.05,118.0,20.74,18.41,32.8,70.49,1.19,0,,,
Dwarka-Sector 8,2024,8,Aug,744,27.72,25.0,91.75,79.0,37.83,29.4,31.38,77.28,1.13,0,,,
Dwarka-Sector 8,2024,9,Sep,720,41.53,38.0,130.3,118.0,41.69,34.0,30.75,77.19,1.0,0,,,
Dwarka-Sector 8,2024,10,Oct,744,115.14,103.0,308.89,271.0,68.67,40.51,29.95,62.88,0.9,0,,,
Dwarka-Sector 8,2024,11,Nov,720,266.08,243.0,457.7,418.0,92.3,57.73,25.65,69.4,0.78,0,,,
Dwarka-Sector 8,2024,12,Dec,744,186.31,158.0,314.82,280.0,96.53,29.86,18.24,71.96,0.89,0,,,
Dwarka-Sector 8,2025,1,Jan,744,177.36,157.0,271.33,234.0,75.75,44.05,15.71,80.79,0.97,742,324.27,328.5,397.9
Dwarka-Sector 8,2025,2,Feb,672,111.79,99.0,239.4,199.0,76.24,41.31,18.49,66.61,0.95,655,234.44,235.0,343.0
Dwarka-Sector 8,2025,3,Mar,744,80.17,68.0,198.33,174.0,51.27,34.32,21.88,52.96,1.13,694,175.97,180.0,248.4
Dwarka-Sector 8,2025,4,Apr,720,80.54,69.0,246.33,224.0,43.64,41.46,30.18,40.27,1.23,712,207.22,208.0,268.0
Dwarka-Sector 8,2025,5,May,744,69.62,59.0,189.07,174.0,56.1,75.96,30.88,53.01,1.16,729,171.06,160.0,224.2
Dwarka-Sector 8,2025,6,Jun,720,50.15,47.5,157.51,139.0,45.24,59.39,31.3,58.83,1.04,610,142.45,120.0,253.0
Dwarka-Sector 8,2025,7,Jul,744,31.75,30.0,89.3,84.0,34.86,42.2,29.59,75.74,0.93,741,86.22,86.0,123.0
Dwarka-Sector 8,2025,8,Aug,744,32.42,30.0,105.58,101.0,29.42,26.28,29.2,77.68,0.91,704,98.36,103.0,127.0
Dwarka-Sector 8,2025,9,Sep,720,31.93,28.0,134.41,130.0,34.73,27.19,29.41,71.51,0.94,713,121.15,130.0,158.0
Dwarka-Sector 8,2025,10,Oct,744,111.18,100.0,279.57,252.0,65.29,43.29,26.38,72.27,0.59,695,245.49,276.0,340.6
Dwarka-Sector 8,2025,11,Nov,720,217.54,218.5,372.29,370.0,86.31,38.03,20.5,69.17,0.54,717,359.24,374.0,417.0
Dwarka-Sector 8,2025,12,Dec,744,223.03,208.0,328.97,301.0,71.38,27.88,16.05,77.99,0.6,742,362.16,362.0,436.0
ITO,2024,1,Jan,744,189.44,180.75,255.15,241.25,44.09,27.86,,,,0,,,
ITO,2024,2,Feb,696,101.38,92.38,151.68,141.25,49.9,38.08,,,,0,,,
ITO,2024,3,Mar,744,80.33,71.0,143.69,134.25,60.4,32.29,,,,0,,,
ITO,2024,4,Apr,720,59.1,51.5,122.32,111.33,67.02,33.59,,,,0,,,
ITO,2024,5,May,744,95.86,90.25,144.15,126.75,51.68,42.19,,,,0,,,
ITO,2024,6,Jun,720,62.34,58.25,103.91,92.75,38.61,29.62,,,,0,,,
ITO,2024,7,Jul,744,42.03,39.0,62.1,59.0,55.13,29.08,,,,0,,,
ITO,2024,8,Aug,744,27.55,25.88,32.25,29.75,61.83,19.7,,,,0,,,
ITO,2024,9,Sep,720,37.39,32.0,55.21,48.75,72.7,16.02,,,,0,,,
ITO,2024,10,Oct,744,107.29,88.25,191.85,183.5,137.22,19.6,,,,0,,,
ITO,2024,11,Nov,720,216.16,194.75,286.5,257.25,117.09,26.9,,,,0,,,
ITO,2024,12,Dec,744,171.04,138.75,234.84,201.0,158.06,16.2,,,,0,,,
ITO,2025,1,Jan,744,152.69,140.88,191.58,175.25,99.8,19.46,,,,742,290.89,299.0,378.0
ITO,2025,2,Feb,672,104.63,95.75,156.36,146.88,84.35,25.79,,,,672,216.65,216.5,304.9
ITO,2025,3,Mar,744,68.11,55.63,128.91,111.5,56.65,24.79,,,,721,145.4,128.0,222.0
ITO,2025,4,Apr,720,75.65,69.13,160.03,156.75,56.82,18.31,,,,701,159.56,156.0,213.0
ITO,2025,5,May,744,64.66,60.25,136.14,129.75,41.58,16.99,,,,665,132.45,132.0,174.0
ITO,2025,6,Jun,720,52.14,49.75,116.48,107.25,38.93,14.14,,,,651,110.97,109.0,160.0
ITO,2025,7,Jul,744,37.31,35.5,54.66,52.0,66.44,16.8,,,,522,85.36,83.0,95.0
ITO,2025,8,Aug,744,35.3,33.5,53.86,50.0,67.87,15.33,,,,619,85.81,85.0,91.0
ITO,2025,9,Sep,720,34.19,31.42,68.53,60.25,67.87,24.51,,,,713,90.92,89.0,107.0
ITO,2025,10,Oct,744,111.32,97.38,155.38,145.5,73.87,19.21,,,,736,217.26,227.5,347.0
ITO,2025,11,Nov,720,235.52,221.38,340.14,333.75,77.24,25.48,,,,717,362.91,378.0,433.0
ITO,2025,12,Dec,744,229.84,218.0,337.55,320.5,88.74,23.53,,,,722,370.21,379.5,434.9
ITO,2026,1,Jan,744,170.57,151.0,237.48,217.0,50.69,25.89,,,,0,,,
ITO,2026,2,Feb,672,106.59,100.0,154.54,143.0,47.94,29.97,,,,0,,,
ITO,2026,3,Mar,744,81.18,62.38,123.91,102.25,40.33,35.35,,,,0,,,
ITO,2026,4,Apr,720,61.74,48.59,163.92,140.0,39.98,44.62,,,,0,,,
ITO,2026,5,May,744,49.38,46.5,122.1,113.75,40.14,37.27,,,,0,,,
ITO,2026,6,Jun,720,40.85,36.25,130.05,119.63,46.58,30.34,,,,0,,,
ITO,2026,8,Aug,744,34.44,33.5,90.22,86.75,47.7,26.52,,,,0,,,
Jahangirpuri,2024,1,Jan,744,252.25,234.13,423.15,402.75,43.46,14.85,12.46,85.68,0.4,0,,,
Jahangirpuri,2024,2,Feb,696,140.14,118.75,293.07,254.0,49.08,29.53,17.15,69.37,0.49,0,,,
Jahangirpuri,2024,3,Mar,744,96.05,86.38,247.69,234.25,52.8,18.23,21.68,56.9,0.55,0,,,
Jahangirpuri,2024,4,Apr,720,84.09,67.67,262.57,242.38,65.4,34.88,29.69,42.66,0.56,0,,,
Jahangirpuri,2024,5,May,744,104.67,80.0,320.29,284.0,54.63,59.25,33.67,40.25,0.57,0,,,
Jahangirpuri,2024,6,Jun,720,69.16,58.0,292.94,266.0,25.64,41.27,35.33,44.74,0.68,0,,,
Jahangirpuri,2024,7,Jul,744,45.45,42.0,150.35,136.0,27.23,22.36,32.36,73.92,0.5,0,,,
Jahangirpuri,2024,8,Aug,744,36.18,33.0,105.36,94.0,11.95,34.07,31.14,79.86,0.49,0,,,
Jahangirpuri,2024,9,Sep,720,50.5,42.0,142.47,125.0,9.29,24.69,30.55,79.38,0.45,0,,,
Jahangirpuri,2024,10,Oct,744,141.33,119.0,337.68,306.0,16.2,33.36,29.62,62.48,0.45,0,,,
Jahangirpuri,2024,11,Nov,720,303.73,289.0,517.36,504.0,61.35,19.74,25.39,68.43,0.36,0,,,
Jahangirpuri,2024,12,Dec,744,216.05,180.5,355.24,318.0,70.87,11.71,17.57,68.25,0.43,0,,,
Jahangirpuri,2025,1,Jan,744,214.59,180.0,367.33,320.0,54.46,24.52,14.58,79.45,0.51,646,348.0,356.5,416.0
Jahangirpuri,2025,2,Feb,672,117.79,108.0,259.46,239.0,46.05,34.21,17.38,62.61,0.55,672,247.71,242.5,337.9
Jahangirpuri,2025,3,Mar,744,92.96,85.0,247.61,232.5,55.87,52.31,21.47,52.18,0.66,737,214.36,220.0,282.4
Jahangirpuri,2025,4,Apr,720,97.13,86.0,300.57,277.0,77.29,68.98,30.42,41.8,0.58,689,256.07,272.0,326.2
Jahangirpuri,2025,5,May,744,97.41,85.0,234.55,213.0,30.46,48.77,30.65,57.1,0.61,735,203.92,195.0,277.2
Jahangirpuri,2025,6,Jun,720,57.76,54.0,199.56,182.0,25.64,32.67,31.5,60.93,0.65,710,175.19,162.5,275.0
Jahangirpuri,2025,7,Jul,744,34.48,31.0,116.33,105.0,16.45,13.54,30.3,77.28,0.56,711,108.75,110.0,143.0
Jahangirpuri,2025,8,Aug,744,58.94,56.0,137.2,127.0,14.05,28.93,29.66,81.88,0.47,738,125.96,124.0,168.3
Jahangirpuri,2025,9,Sep,720,87.92,85.0,140.87,135.0,23.32,27.47,28.69,72.22,1.27,684,183.83,191.0,245.0
Jahangirpuri,2025,10,Oct,744,146.07,121.0,275.29,251.0,57.13,34.78,25.76,70.87,1.9,738,257.15,283.5,376.0
Jahangirpuri,2025,11,Nov,720,278.1,272.0,471.07,464.0,107.05,36.44,19.28,59.4,2.95,700,394.62,411.0,447.0
Jahangirpuri,2025,12,Dec,744,267.25,240.0,375.17,348.0,94.98,31.08,13.81,71.32,0.48,741,392.03,401.0,460.0
Jahangirpuri,2026,1,Jan,744,207.17,189.0,292.05,267.5,85.96,20.13,11.74,76.92,0.21,0,,,
Jahangirpuri,2026,2,Feb,672,138.54,132.0,264.57,238.0,88.39,20.88,15.07,66.12,0.25,0,,,
Jahangirpuri,2026,3,Mar,744,95.91,86.0,215.15,205.0,50.9,29.68,23.49,50.0,0.38,0,,,
Jahangirpuri,2026,4,Apr,720,90.62,70.0,256.42,223.0,50.78,34.37,27.24,44.03,0.4,0,,,
Jahangirpuri,2026,5,May,744,61.28,55.0,218.77,191.0,43.23,37.67,33.78,36.29,0.76,0,,,
Jahangirpuri,2026,6,Jun,720,56.5,48.0,195.79,172.0,41.21,19.2,34.2,51.53,0.95,0,,,
Jahangirpuri,2026,8,Aug,744,47.0,40.0,135.72,134.5,20.18,11.82,31.9,77.38,0.79,0,,,
Punjabi Bagh,2024,1,Jan,744,249.72,238.38,346.28,334.25,67.85,10.21,12.84,78.64,0.51,0,,,
Punjabi Bagh,2024,2,Feb,696,121.14,101.25,214.57,188.25,40.64,14.09,16.11,64.49,0.55,0,,,
Punjabi Bagh,2024,3,Mar,744,85.53,74.38,176.22,162.5,26.18,22.88,21.89,52.17,0.64,0,,,
Punjabi Bagh,2024,4,Apr,720,73.05,63.63,193.63,178.5,46.8,15.26,30.84,39.78,0.69,0,,,
Punjabi Bagh,2024,5,May,744,96.16,79.0,256.95,235.0,48.3,39.93,34.06,37.93,0.62,0,,,
Punjabi Bagh,2024,6,Jun,720,63.59,59.0,184.35,160.0,25.65,47.25,36.41,45.44,0.94,0,,,
Punjabi Bagh,2024,7,Jul,744,48.39,47.0,109.98,105.0,18.57,26.72,33.84,69.49,0.69,0,,,
Punjabi Bagh,2024,8,Aug,744,37.9,35.0,88.39,83.0,17.54,15.84,32.73,76.75,0.65,0,,,
Punjabi Bagh,2024,9,Sep,720,54.95,52.0,117.73,112.0,20.85,24.1,32.49,75.75,0.55,0,,,
Punjabi Bagh,2024,10,Oct,744,125.35,105.0,243.04,220.0,53.87,63.82,32.14,58.24,0.46,0,,,
Punjabi Bagh,2024,11,Nov,720,286.66,261.0,416.45,395.0,67.44,42.12,28.19,64.97,0.38,0,,,
Punjabi Bagh,2024,12,Dec,744,199.4,152.0,293.02,250.0,51.79,27.43,19.77,67.0,0.46,0,,,
Punjabi Bagh,2025,1,Jan,744,188.01,164.0,288.74,246.0,60.45,72.92,16.44,76.5,0.56,334,322.05,347.0,391.0
Punjabi Bagh,2025,2,Feb,672,113.37,99.0,209.94,185.0,42.75,28.94,19.63,61.98,0.6,656,233.18,223.5,337.5
Punjabi Bagh,2025,3,Mar,744,78.65,67.0,169.07,155.0,45.23,36.84,23.59,49.63,0.73,737,166.74,165.0,237.0
Punjabi Bagh,2025,4,Apr,720,82.9,70.0,210.13,199.0,47.53,35.75,31.19,39.19,0.51,692,186.35,192.0,239.0
Punjabi Bagh,2025,5,May,744,69.65,57.0,141.1,129.0,34.87,88.9,32.87,52.53,0.67,632,162.84,150.0,250.0
Punjabi Bagh,2025,6,Jun,720,48.33,44.5,121.65,110.0,16.37,61.15,30.99,57.73,0.43,634,121.5,105.0,193.0
Punjabi Bagh,2025,7,Jul,744,28.81,27.0,63.07,62.0,20.15,13.14,29.43,74.01,0.42,739,64.96,65.0,81.2
Punjabi Bagh,2025,8,Aug,744,32.97,30.0,95.09,95.0,25.11,8.48,30.54,76.75,0.51,627,88.62,90.0,111.4
Punjabi Bagh,2025,9,Sep,720,33.51,30.0,114.06,112.0,19.57,25.6,29.21,64.93,0.82,697,106.34,109.0,136.0
Punjabi Bagh,2025,10,Oct,744,121.35,96.0,225.04,207.5,35.79,31.41,26.02,65.4,0.41,631,229.6,203.0,381.0
Punjabi Bagh,2025,11,Nov,720,247.34,240.0,400.91,407.0,47.86,34.41,19.63,58.63,0.37,717,376.8,391.0,431.0
Punjabi Bagh,2025,12,Dec,744,239.37,224.0,359.99,339.5,39.9,22.63,16.59,68.66,0.41,742,372.05,376.0,441.0
Punjabi Bagh,2026,1,Jan,744,194.43,168.0,282.79,252.0,38.38,19.16,12.32,73.4,0.09,0,,,
Punjabi Bagh,2026,2,Feb,672,118.43,116.0,235.11,213.0,39.26,26.28,16.62,64.84,0.11,0,,,
Punjabi Bagh,2026,3,Mar,744,89.73,84.0,222.11,204.0,30.24,35.06,24.33,55.68,0.23,0,,,
Punjabi Bagh,2026,4,Apr,720,75.6,58.0,204.58,173.0,32.31,32.97,27.91,41.35,0.29,0,,,
Punjabi Bagh,2026,5,May,744,51.77,47.0,172.59,157.0,23.19,39.0,32.8,41.81,0.67,0,,,
Punjabi Bagh,2026,6,Jun,720,47.25,41.0,166.69,149.0,22.25,35.89,32.44,48.52,0.89,0,,,
Punjabi Bagh,2026,8,Aug,744,38.02,34.0,112.36,108.0,19.86,21.12,33.35,69.94,0.65,0,,,
R K Puram,2024,1,Jan,744,249.85,224.25,361.14,337.25,43.71,23.88,10.07,74.23,0.56,0,,,
R K Puram,2024,2,Feb,696,121.34,104.5,210.14,191.25,39.14,41.82,15.96,60.18,0.76,0,,,
R K Puram,2024,3,Mar,744,82.4,68.75,174.38,159.67,26.9,56.59,22.68,47.66,0.89,0,,,
R K Puram,2024,4,Apr,720,71.25,62.0,190.06,173.0,47.32,61.63,29.64,49.6,0.67,0,,,
R K Puram,2024,5,May,744,94.63,81.0,250.53,226.5,45.21,79.59,35.02,49.26,0.72,0,,,
R K Puram,2024,6,Jun,720,66.56,62.5,200.77,177.0,39.54,66.32,32.68,47.15,0.45,0,,,
R K Puram,2024,7,Jul,744,54.16,50.0,93.91,90.0,30.99,50.98,30.78,75.92,0.31,0,,,
R K Puram,2024,8,Aug,744,34.6,33.0,61.37,57.54,15.98,31.93,29.09,80.64,0.4,0,,,
R K Puram,2024,9,Sep,720,48.0,42.0,96.62,89.0,19.52,29.23,28.02,80.46,0.36,0,,,
R K Puram,2024,10,Oct,744,123.02,107.0,244.84,222.0,35.1,50.0,27.74,68.54,0.33,0,,,
R K Puram,2024,11,Nov,720,255.69,237.0,384.84,359.67,45.6,48.66,23.48,72.55,0.35,0,,,
R K Puram,2024,12,Dec,744,199.6,168.5,300.78,268.33,53.58,26.94,16.5,72.13,0.48,0,,,
R K Puram,2025,1,Jan,744,182.39,160.0,262.04,228.0,50.52,16.22,15.79,79.49,0.75,742,318.02,331.0,400.0
R K Puram,2025,2,Feb,672,108.05,92.0,219.28,196.0,45.26,19.66,21.21,66.68,0.84,672,227.47,221.5,330.0
R K Puram,2025,3,Mar,744,75.54,62.5,182.41,160.0,25.74,15.91,25.69,53.92,0.98,693,166.21,158.0,226.0
R K Puram,2025,4,Apr,720,83.33,74.0,238.09,220.25,48.24,40.44,27.48,43.23,0.94,633,206.38,212.0,252.0
R K Puram,2025,5,May,744,70.56,61.0,155.06,144.5,38.21,43.0,30.36,58.53,1.08,726,146.6,137.5,194.5
R K Puram,2025,6,Jun,720,50.51,48.0,137.97,122.0,32.2,29.06,29.93,64.4,0.95,673,127.04,121.0,195.8
R K Puram,2025,7,Jul,744,39.6,38.0,81.52,78.0,26.63,33.59,27.7,79.95,0.89,644,80.1,79.0,100.0
R K Puram,2025,8,Aug,744,41.49,39.0,84.83,78.0,28.45,30.54,26.8,82.81,0.81,655,89.61,86.0,123.0
R K Puram,2025,9,Sep,720,40.78,36.0,99.56,94.0,26.57,36.42,27.23,76.39,0.85,679,96.91,103.0,127.0
R K Puram,2025,10,Oct,744,120.38,106.0,193.91,189.0,49.61,45.05,22.91,76.72,0.47,695,231.32,247.0,365.0
R K Puram,2025,11,Nov,720,235.98,228.5,355.57,351.5,72.44,42.66,19.72,69.21,0.51,717,372.27,385.0,431.0
R K Puram,2025,12,Dec,744,248.71,223.0,355.28,322.5,57.96,32.17,15.71,76.99,0.63,715,371.26,373.0,441.6
R K Puram,2026,1,Jan,744,203.73,173.0,281.66,246.0,49.4,33.25,13.07,78.47,0.36,0,,,
R K Puram,2026,2,Feb,672,122.99,113.0,214.12,199.0,48.48,39.64,18.25,70.92,0.4,0,,,
R K Puram,2026,3,Mar,744,84.88,75.0,193.49,180.0,41.01,38.92,22.23,61.85,0.44,0,,,
R K Puram,2026,4,Apr,720,71.83,56.0,213.68,193.0,44.11,30.96,27.94,48.06,0.38,0,,,
R K Puram,2026,5,May,744,53.17,51.0,169.02,150.0,33.8,30.02,32.09,49.38,0.88,0,,,
R K Puram,2026,6,Jun,720,42.39,36.0,159.3,143.0,37.51,22.04,32.79,56.07,0.9,0,,,
R K Puram,2026,8,Aug,744,44.6,43.0,103.81,99.0,28.24,20.47,30.88,80.53,0.54,0,,,
