horizon,feature,group,pearson_r,abs_r
1h,aqi_curr,Group A: Recent AQI Lags,0.9984,0.9984
1h,aqi_roll_mean_3h,Group C: Causal Rolling Statistics,0.9972,0.9972
1h,aqi_roll_min_3h,Group C: Causal Rolling Statistics,0.9968,0.9968
1h,aqi_lag_1h,Group A: Recent AQI Lags,0.9966,0.9966
1h,aqi_roll_max_3h,Group C: Causal Rolling Statistics,0.9963,0.9963
1h,aqi_roll_mean_6h,Group C: Causal Rolling Statistics,0.9946,0.9946
1h,aqi_lag_2h,Group A: Recent AQI Lags,0.9944,0.9944
1h,aqi_roll_min_6h,Group C: Causal Rolling Statistics,0.9935,0.9935
1h,aqi_roll_max_6h,Group C: Causal Rolling Statistics,0.9921,0.9921
1h,aqi_lag_3h,Group A: Recent AQI Lags,0.9919,0.9919
1h,aqi_roll_mean_12h,Group C: Causal Rolling Statistics,0.9878,0.9878
1h,aqi_roll_min_12h,Group C: Causal Rolling Statistics,0.9856,0.9856
1h,aqi_lag_6h,Group A: Recent AQI Lags,0.9829,0.9829
1h,aqi_roll_max_12h,Group C: Causal Rolling Statistics,0.9814,0.9814
1h,aqi_roll_mean_24h,Group C: Causal Rolling Statistics,0.9719,0.9719
1h,aqi_roll_min_24h,Group C: Causal Rolling Statistics,0.9675,0.9675
1h,aqi_lag_12h,Group A: Recent AQI Lags,0.9603,0.9603
1h,aqi_roll_max_24h,Group C: Causal Rolling Statistics,0.9588,0.9588
1h,top_neighbor_aqi_lag_1h,Group G: Cross-Station Spatial,0.9577,0.9577
1h,network_min_aqi_lag_1h,Group G: Cross-Station Spatial,0.9521,0.9521
1h,network_mean_aqi_lag_1h,Group G: Cross-Station Spatial,0.9426,0.9426
1h,network_max_aqi_lag_1h,Group G: Cross-Station Spatial,0.9412,0.9412
1h,pm25_roll_mean_24h,Group C: Causal Rolling Statistics,0.9391,0.9391
1h,aqi_lag_24h,Group A: Recent AQI Lags,0.9112,0.9112
1h,pm25_roll_mean_12h,Group C: Causal Rolling Statistics,0.8895,0.8895
1h,pm25_roll_max_24h,Group C: Causal Rolling Statistics,0.8755,0.8755
1h,aqi_lag_48h,Group A: Recent AQI Lags,0.8556,0.8556
1h,pm25_roll_max_12h,Group C: Causal Rolling Statistics,0.8541,0.8541
1h,pm25_roll_min_24h,Group C: Causal Rolling Statistics,0.8517,0.8517
1h,pm25_roll_mean_6h,Group C: Causal Rolling Statistics,0.8355,0.8355
1h,pm25_roll_min_12h,Group C: Causal Rolling Statistics,0.8284,0.8284
1h,aqi_lag_72h,Group A: Recent AQI Lags,0.8203,0.8203
1h,pm25_roll_max_6h,Group C: Causal Rolling Statistics,0.8194,0.8194
1h,pm25_lag_12h,Group B: Pollutant Lags,0.8117,0.8117
1h,pm25_roll_min_6h,Group C: Causal Rolling Statistics,0.808,0.808
1h,pm25_lag_6h,Group B: Pollutant Lags,0.8038,0.8038
1h,pm25_roll_mean_3h,Group C: Causal Rolling Statistics,0.8013,0.8013
1h,pm25_roll_min_3h,Group C: Causal Rolling Statistics,0.7929,0.7929
1h,pm25_roll_max_3h,Group C: Causal Rolling Statistics,0.7924,0.7924
1h,network_mean_pm25_lag_1h,Group G: Cross-Station Spatial,0.79,0.79
1h,pm25_lag_1h,Group B: Pollutant Lags,0.7858,0.7858
1h,pm10_lag_12h,Group B: Pollutant Lags,0.7849,0.7849
1h,aqi_lag_168h,Group A: Recent AQI Lags,0.7833,0.7833
1h,pm25_curr,Group B: Pollutant Lags,0.7794,0.7794
1h,pm25_lag_24h,Group B: Pollutant Lags,0.7773,0.7773
1h,pm10_lag_6h,Group B: Pollutant Lags,0.7771,0.7771
1h,pm25_roll_std_24h,Group C: Causal Rolling Statistics,0.7704,0.7704
1h,cos_doy,Group D: Temporal & Cyclical,0.7696,0.7696
1h,pm10_lag_1h,Group B: Pollutant Lags,0.7582,0.7582
1h,top_neighbor_pm25_lag_1h,Group G: Cross-Station Spatial,0.758,0.758
1h,pm10_curr,Group B: Pollutant Lags,0.7505,0.7505
1h,pm10_lag_24h,Group B: Pollutant Lags,0.748,0.748
1h,cos_month,Group D: Temporal & Cyclical,0.7213,0.7213
1h,pm25_roll_std_12h,Group C: Causal Rolling Statistics,0.6706,0.6706
1h,temp_roll_mean_24h,Group F: Meteorology,-0.6541,0.6541
1h,is_monsoon,Group E: Seasonality Indicators,-0.6277,0.6277
1h,temp_roll_mean_6h,Group F: Meteorology,-0.6036,0.6036
1h,temp_lag_24h,Group F: Meteorology,-0.5908,0.5908
1h,temp_lag_6h,Group F: Meteorology,-0.5896,0.5896
1h,temp_curr,Group F: Meteorology,-0.5882,0.5882
1h,temp_lag_1h,Group F: Meteorology,-0.5882,0.5882
1h,pm25_roll_std_6h,Group C: Causal Rolling Statistics,0.5522,0.5522
1h,is_winter,Group E: Seasonality Indicators,0.4993,0.4993
1h,co_lag_12h,Group B: Pollutant Lags,0.4736,0.4736
1h,co_lag_6h,Group B: Pollutant Lags,0.4637,0.4637
1h,co_lag_24h,Group B: Pollutant Lags,0.4617,0.4617
1h,co_lag_1h,Group B: Pollutant Lags,0.445,0.445
1h,co_curr,Group B: Pollutant Lags,0.4396,0.4396
1h,pm25_roll_std_3h,Group C: Causal Rolling Statistics,0.438,0.438
1h,no2_lag_12h,Group B: Pollutant Lags,0.4308,0.4308
1h,no2_lag_6h,Group B: Pollutant Lags,0.4233,0.4233
1h,no2_lag_24h,Group B: Pollutant Lags,0.4196,0.4196
1h,nox_lag_12h,Group B: Pollutant Lags,0.418,0.418
1h,no2_lag_1h,Group B: Pollutant Lags,0.4091,0.4091
1h,nox_lag_6h,Group B: Pollutant Lags,0.406,0.406
1h,no2_curr,Group B: Pollutant Lags,0.4055,0.4055
1h,nox_lag_24h,Group B: Pollutant Lags,0.405,0.405
1h,nox_lag_1h,Group B: Pollutant Lags,0.3877,0.3877
1h,is_post_monsoon,Group E: Seasonality Indicators,0.3833,0.3833
1h,nox_curr,Group B: Pollutant Lags,0.3828,0.3828
1h,solar_rad_roll_mean_24h,Group F: Meteorology,-0.2428,0.2428
1h,sin_month,Group D: Temporal & Cyclical,-0.2367,0.2367
1h,day_of_year,Group D: Temporal & Cyclical,0.2022,0.2022
1h,month,Group D: Temporal & Cyclical,0.1957,0.1957
1h,so2_lag_12h,Group B: Pollutant Lags,0.1607,0.1607
1h,so2_lag_6h,Group B: Pollutant Lags,0.1575,0.1575
1h,so2_lag_1h,Group B: Pollutant Lags,0.1542,0.1542
1h,so2_curr,Group B: Pollutant Lags,0.1525,0.1525
1h,so2_lag_24h,Group B: Pollutant Lags,0.1516,0.1516
1h,aqi_roll_std_24h,Group C: Causal Rolling Statistics,0.1484,0.1484
1h,is_summer,Group E: Seasonality Indicators,-0.1455,0.1455
1h,wind_speed_roll_mean_24h,Group F: Meteorology,-0.1134,0.1134
1h,aqi_roll_std_12h,Group C: Causal Rolling Statistics,0.107,0.107
1h,wind_speed_lag_24h,Group F: Meteorology,-0.0958,0.0958
1h,wind_speed_lag_6h,Group F: Meteorology,-0.0927,0.0927
1h,wind_speed_roll_mean_6h,Group F: Meteorology,-0.0926,0.0926
1h,solar_rad_roll_mean_6h,Group F: Meteorology,-0.0886,0.0886
1h,wind_speed_lag_1h,Group F: Meteorology,-0.0841,0.0841
1h,wind_speed_curr,Group F: Meteorology,-0.0827,0.0827
1h,aqi_roll_std_6h,Group C: Causal Rolling Statistics,0.078,0.078
1h,solar_rad_lag_6h,Group F: Meteorology,-0.0755,0.0755
1h,solar_rad_curr,Group F: Meteorology,-0.0741,0.0741
1h,solar_rad_lag_1h,Group F: Meteorology,-0.0728,0.0728
1h,solar_rad_lag_24h,Group F: Meteorology,-0.0688,0.0688
1h,aqi_roll_std_3h,Group C: Causal Rolling Statistics,0.0542,0.0542
1h,sin_doy,Group D: Temporal & Cyclical,-0.0532,0.0532
1h,o3_curr,Group B: Pollutant Lags,0.0509,0.0509
1h,o3_lag_1h,Group B: Pollutant Lags,0.0488,0.0488
1h,o3_lag_24h,Group B: Pollutant Lags,0.0477,0.0477
1h,humidity_roll_mean_24h,Group F: Meteorology,-0.0387,0.0387
1h,o3_lag_6h,Group B: Pollutant Lags,0.0386,0.0386
1h,humidity_lag_24h,Group F: Meteorology,-0.0379,0.0379
1h,o3_lag_12h,Group B: Pollutant Lags,0.0331,0.0331
1h,humidity_curr,Group F: Meteorology,-0.0308,0.0308
1h,humidity_lag_1h,Group F: Meteorology,-0.0302,0.0302
1h,humidity_roll_mean_6h,Group F: Meteorology,-0.0299,0.0299
1h,humidity_lag_6h,Group F: Meteorology,-0.0277,0.0277
1h,day_of_week,Group D: Temporal & Cyclical,-0.0125,0.0125
1h,cos_dow,Group D: Temporal & Cyclical,0.0124,0.0124
1h,sin_dow,Group D: Temporal & Cyclical,0.0106,0.0106
1h,is_weekend,Group D: Temporal & Cyclical,-0.0102,0.0102
1h,sin_hour,Group D: Temporal & Cyclical,-0.0037,0.0037
1h,cos_hour,Group D: Temporal & Cyclical,-0.0016,0.0016
1h,hour,Group D: Temporal & Cyclical,0.0009,0.0009
24h,aqi_curr,Group A: Recent AQI Lags,0.9151,0.9151
24h,aqi_roll_min_3h,Group C: Causal Rolling Statistics,0.9124,0.9124
24h,aqi_roll_mean_3h,Group C: Causal Rolling Statistics,0.912,0.912
24h,aqi_lag_1h,Group A: Recent AQI Lags,0.9111,0.9111
24h,aqi_roll_max_3h,Group C: Causal Rolling Statistics,0.9106,0.9106
24h,aqi_roll_min_6h,Group C: Causal Rolling Statistics,0.9087,0.9087
24h,aqi_roll_mean_6h,Group C: Causal Rolling Statistics,0.9078,0.9078
24h,aqi_lag_2h,Group A: Recent AQI Lags,0.9076,0.9076
24h,aqi_roll_max_6h,Group C: Causal Rolling Statistics,0.9047,0.9047
24h,aqi_lag_3h,Group A: Recent AQI Lags,0.9042,0.9042
24h,aqi_roll_min_12h,Group C: Causal Rolling Statistics,0.9026,0.9026
24h,aqi_roll_mean_12h,Group C: Causal Rolling Statistics,0.9011,0.9011
24h,aqi_roll_max_12h,Group C: Causal Rolling Statistics,0.895,0.895
24h,aqi_lag_6h,Group A: Recent AQI Lags,0.8947,0.8947
24h,aqi_roll_min_24h,Group C: Causal Rolling Statistics,0.8947,0.8947
24h,aqi_roll_mean_24h,Group C: Causal Rolling Statistics,0.8927,0.8927
24h,top_neighbor_aqi_lag_1h,Group G: Cross-Station Spatial,0.8895,0.8895
24h,network_min_aqi_lag_1h,Group G: Cross-Station Spatial,0.8876,0.8876
24h,aqi_roll_max_24h,Group C: Causal Rolling Statistics,0.8826,0.8826
24h,aqi_lag_12h,Group A: Recent AQI Lags,0.8785,0.8785
24h,network_mean_aqi_lag_1h,Group G: Cross-Station Spatial,0.8755,0.8755
24h,pm25_roll_mean_24h,Group C: Causal Rolling Statistics,0.8712,0.8712
24h,network_max_aqi_lag_1h,Group G: Cross-Station Spatial,0.869,0.869
24h,aqi_lag_24h,Group A: Recent AQI Lags,0.8566,0.8566
24h,pm25_roll_mean_12h,Group C: Causal Rolling Statistics,0.8455,0.8455
24h,aqi_lag_48h,Group A: Recent AQI Lags,0.8213,0.8213
24h,pm25_roll_max_12h,Group C: Causal Rolling Statistics,0.8176,0.8176
24h,pm25_roll_max_24h,Group C: Causal Rolling Statistics,0.8158,0.8158
24h,pm25_roll_mean_6h,Group C: Causal Rolling Statistics,0.8134,0.8134
24h,aqi_lag_72h,Group A: Recent AQI Lags,0.8052,0.8052
24h,pm25_roll_max_6h,Group C: Causal Rolling Statistics,0.8011,0.8011
24h,pm25_roll_mean_3h,Group C: Causal Rolling Statistics,0.7946,0.7946
24h,pm25_roll_min_24h,Group C: Causal Rolling Statistics,0.7892,0.7892
24h,pm25_roll_max_3h,Group C: Causal Rolling Statistics,0.7868,0.7868
24h,network_mean_pm25_lag_1h,Group G: Cross-Station Spatial,0.7862,0.7862
24h,pm25_roll_min_3h,Group C: Causal Rolling Statistics,0.7854,0.7854
24h,pm25_curr,Group B: Pollutant Lags,0.7852,0.7852
24h,pm25_roll_min_6h,Group C: Causal Rolling Statistics,0.785,0.785
24h,pm25_roll_min_12h,Group C: Causal Rolling Statistics,0.7843,0.7843
24h,pm25_lag_1h,Group B: Pollutant Lags,0.7782,0.7782
24h,aqi_lag_168h,Group A: Recent AQI Lags,0.7725,0.7725
24h,cos_doy,Group D: Temporal & Cyclical,0.7673,0.7673
24h,pm10_curr,Group B: Pollutant Lags,0.7572,0.7572
24h,pm25_lag_6h,Group B: Pollutant Lags,0.7561,0.7561
24h,top_neighbor_pm25_lag_1h,Group G: Cross-Station Spatial,0.7515,0.7515
24h,pm10_lag_1h,Group B: Pollutant Lags,0.7484,0.7484
24h,pm25_lag_12h,Group B: Pollutant Lags,0.7395,0.7395
24h,pm10_lag_6h,Group B: Pollutant Lags,0.7212,0.7212
24h,pm25_roll_std_24h,Group C: Causal Rolling Statistics,0.7192,0.7192
24h,cos_month,Group D: Temporal & Cyclical,0.7176,0.7176
24h,pm25_lag_24h,Group B: Pollutant Lags,0.7055,0.7055
24h,pm10_lag_12h,Group B: Pollutant Lags,0.7006,0.7006
24h,pm10_lag_24h,Group B: Pollutant Lags,0.6656,0.6656
24h,temp_roll_mean_24h,Group F: Meteorology,-0.6614,0.6614
24h,pm25_roll_std_12h,Group C: Causal Rolling Statistics,0.6471,0.6471
24h,is_monsoon,Group E: Seasonality Indicators,-0.6309,0.6309
24h,temp_roll_mean_6h,Group F: Meteorology,-0.6052,0.6052
24h,temp_lag_24h,Group F: Meteorology,-0.5979,0.5979
24h,temp_lag_6h,Group F: Meteorology,-0.5928,0.5928
24h,temp_lag_1h,Group F: Meteorology,-0.5893,0.5893
24h,temp_curr,Group F: Meteorology,-0.589,0.589
24h,pm25_roll_std_6h,Group C: Causal Rolling Statistics,0.5452,0.5452
24h,is_winter,Group E: Seasonality Indicators,0.4861,0.4861
24h,co_curr,Group B: Pollutant Lags,0.4662,0.4662
24h,co_lag_1h,Group B: Pollutant Lags,0.4623,0.4623
24h,co_lag_6h,Group B: Pollutant Lags,0.4427,0.4427
24h,pm25_roll_std_3h,Group C: Causal Rolling Statistics,0.4396,0.4396
24h,co_lag_12h,Group B: Pollutant Lags,0.4256,0.4256
24h,no2_curr,Group B: Pollutant Lags,0.4215,0.4215
24h,no2_lag_1h,Group B: Pollutant Lags,0.4187,0.4187
24h,nox_curr,Group B: Pollutant Lags,0.4064,0.4064
24h,co_lag_24h,Group B: Pollutant Lags,0.4062,0.4062
24h,no2_lag_6h,Group B: Pollutant Lags,0.4048,0.4048
24h,nox_lag_1h,Group B: Pollutant Lags,0.4027,0.4027
24h,is_post_monsoon,Group E: Seasonality Indicators,0.4003,0.4003
24h,no2_lag_12h,Group B: Pollutant Lags,0.3918,0.3918
24h,nox_lag_6h,Group B: Pollutant Lags,0.3843,0.3843
24h,no2_lag_24h,Group B: Pollutant Lags,0.3773,0.3773
24h,nox_lag_12h,Group B: Pollutant Lags,0.37,0.37
24h,nox_lag_24h,Group B: Pollutant Lags,0.3501,0.3501
24h,sin_month,Group D: Temporal & Cyclical,-0.2499,0.2499
24h,solar_rad_roll_mean_24h,Group F: Meteorology,-0.238,0.238
24h,day_of_year,Group D: Temporal & Cyclical,0.2185,0.2185
24h,month,Group D: Temporal & Cyclical,0.2135,0.2135
24h,so2_curr,Group B: Pollutant Lags,0.1544,0.1544
24h,so2_lag_1h,Group B: Pollutant Lags,0.1524,0.1524
24h,so2_lag_6h,Group B: Pollutant Lags,0.1444,0.1444
24h,is_summer,Group E: Seasonality Indicators,-0.144,0.144
24h,so2_lag_12h,Group B: Pollutant Lags,0.1364,0.1364
24h,so2_lag_24h,Group B: Pollutant Lags,0.1289,0.1289
24h,aqi_roll_std_24h,Group C: Causal Rolling Statistics,0.1277,0.1277
24h,wind_speed_roll_mean_24h,Group F: Meteorology,-0.1032,0.1032
24h,wind_speed_roll_mean_6h,Group F: Meteorology,-0.1006,0.1006
24h,wind_speed_curr,Group F: Meteorology,-0.096,0.096
24h,wind_speed_lag_1h,Group F: Meteorology,-0.0958,0.0958
24h,wind_speed_lag_6h,Group F: Meteorology,-0.0915,0.0915
24h,solar_rad_roll_mean_6h,Group F: Meteorology,-0.0855,0.0855
24h,aqi_roll_std_12h,Group C: Causal Rolling Statistics,0.083,0.083
24h,wind_speed_lag_24h,Group F: Meteorology,-0.0738,0.0738
24h,solar_rad_curr,Group F: Meteorology,-0.0722,0.0722
24h,solar_rad_lag_24h,Group F: Meteorology,-0.0722,0.0722
24h,solar_rad_lag_1h,Group F: Meteorology,-0.0711,0.0711
24h,solar_rad_lag_6h,Group F: Meteorology,-0.0709,0.0709
24h,sin_doy,Group D: Temporal & Cyclical,-0.0692,0.0692
24h,aqi_roll_std_6h,Group C: Causal Rolling Statistics,0.0526,0.0526
24h,o3_lag_24h,Group B: Pollutant Lags,0.0504,0.0504
24h,o3_lag_1h,Group B: Pollutant Lags,0.0489,0.0489
24h,o3_curr,Group B: Pollutant Lags,0.0476,0.0476
24h,o3_lag_6h,Group B: Pollutant Lags,0.0469,0.0469
24h,humidity_roll_mean_24h,Group F: Meteorology,-0.0462,0.0462
24h,humidity_roll_mean_6h,Group F: Meteorology,-0.0414,0.0414
24h,o3_lag_12h,Group B: Pollutant Lags,0.041,0.041
24h,humidity_lag_1h,Group F: Meteorology,-0.0392,0.0392
24h,humidity_curr,Group F: Meteorology,-0.039,0.039
24h,humidity_lag_6h,Group F: Meteorology,-0.0379,0.0379
24h,humidity_lag_24h,Group F: Meteorology,-0.0371,0.0371
24h,aqi_roll_std_3h,Group C: Causal Rolling Statistics,0.0324,0.0324
24h,cos_dow,Group D: Temporal & Cyclical,0.0158,0.0158
24h,is_weekend,Group D: Temporal & Cyclical,0.0086,0.0086
24h,sin_dow,Group D: Temporal & Cyclical,-0.0046,0.0046
24h,sin_hour,Group D: Temporal & Cyclical,-0.0036,0.0036
24h,day_of_week,Group D: Temporal & Cyclical,-0.0019,0.0019
24h,hour,Group D: Temporal & Cyclical,0.0016,0.0016
24h,cos_hour,Group D: Temporal & Cyclical,0.0013,0.0013
6h,aqi_curr,Group A: Recent AQI Lags,0.9861,0.9861
6h,aqi_roll_min_3h,Group C: Causal Rolling Statistics,0.9837,0.9837
6h,aqi_roll_mean_3h,Group C: Causal Rolling Statistics,0.9835,0.9835
6h,aqi_lag_1h,Group A: Recent AQI Lags,0.9829,0.9829
6h,aqi_roll_max_3h,Group C: Causal Rolling Statistics,0.982,0.982
6h,aqi_lag_2h,Group A: Recent AQI Lags,0.9794,0.9794
6h,aqi_roll_mean_6h,Group C: Causal Rolling Statistics,0.9792,0.9792
6h,aqi_roll_min_6h,Group C: Causal Rolling Statistics,0.9792,0.9792
6h,aqi_lag_3h,Group A: Recent AQI Lags,0.9758,0.9758
6h,aqi_roll_max_6h,Group C: Causal Rolling Statistics,0.9758,0.9758
6h,aqi_roll_mean_12h,Group C: Causal Rolling Statistics,0.9702,0.9702
6h,aqi_roll_min_12h,Group C: Causal Rolling Statistics,0.9694,0.9694
6h,aqi_lag_6h,Group A: Recent AQI Lags,0.9643,0.9643
6h,aqi_roll_max_12h,Group C: Causal Rolling Statistics,0.9631,0.9631
6h,aqi_roll_mean_24h,Group C: Causal Rolling Statistics,0.953,0.953
6h,aqi_roll_min_24h,Group C: Causal Rolling Statistics,0.9519,0.9519
6h,top_neighbor_aqi_lag_1h,Group G: Cross-Station Spatial,0.9487,0.9487
6h,network_min_aqi_lag_1h,Group G: Cross-Station Spatial,0.9438,0.9438
6h,aqi_roll_max_24h,Group C: Causal Rolling Statistics,0.9414,0.9414
6h,aqi_lag_12h,Group A: Recent AQI Lags,0.9395,0.9395
6h,network_mean_aqi_lag_1h,Group G: Cross-Station Spatial,0.9342,0.9342
6h,pm25_roll_mean_24h,Group C: Causal Rolling Statistics,0.9338,0.9338
6h,network_max_aqi_lag_1h,Group G: Cross-Station Spatial,0.9312,0.9312
6h,pm25_roll_mean_12h,Group C: Causal Rolling Statistics,0.8989,0.8989
6h,aqi_lag_24h,Group A: Recent AQI Lags,0.8949,0.8949
6h,pm25_roll_max_24h,Group C: Causal Rolling Statistics,0.8732,0.8732
6h,pm25_roll_max_12h,Group C: Causal Rolling Statistics,0.8662,0.8662
6h,pm25_roll_mean_6h,Group C: Causal Rolling Statistics,0.8504,0.8504
6h,aqi_lag_48h,Group A: Recent AQI Lags,0.8475,0.8475
6h,pm25_roll_min_24h,Group C: Causal Rolling Statistics,0.8454,0.8454
6h,pm25_roll_max_6h,Group C: Causal Rolling Statistics,0.8358,0.8358
6h,pm25_roll_min_12h,Group C: Causal Rolling Statistics,0.8344,0.8344
6h,pm25_roll_min_6h,Group C: Causal Rolling Statistics,0.8214,0.8214
6h,pm25_roll_mean_3h,Group C: Causal Rolling Statistics,0.8194,0.8194
6h,aqi_lag_72h,Group A: Recent AQI Lags,0.8139,0.8139
6h,pm25_lag_6h,Group B: Pollutant Lags,0.8113,0.8113
6h,pm25_roll_max_3h,Group C: Causal Rolling Statistics,0.8109,0.8109
6h,pm25_roll_min_3h,Group C: Causal Rolling Statistics,0.8104,0.8104
6h,network_mean_pm25_lag_1h,Group G: Cross-Station Spatial,0.8078,0.8078
6h,pm25_lag_12h,Group B: Pollutant Lags,0.8066,0.8066
6h,pm25_lag_1h,Group B: Pollutant Lags,0.8035,0.8035
6h,pm25_curr,Group B: Pollutant Lags,0.8011,0.8011
6h,pm10_lag_6h,Group B: Pollutant Lags,0.7842,0.7842
6h,aqi_lag_168h,Group A: Recent AQI Lags,0.7812,0.7812
6h,pm10_lag_12h,Group B: Pollutant Lags,0.7807,0.7807
6h,pm10_lag_1h,Group B: Pollutant Lags,0.7767,0.7767
6h,top_neighbor_pm25_lag_1h,Group G: Cross-Station Spatial,0.7741,0.7741
6h,pm10_curr,Group B: Pollutant Lags,0.7739,0.7739
6h,pm25_roll_std_24h,Group C: Causal Rolling Statistics,0.7701,0.7701
6h,cos_doy,Group D: Temporal & Cyclical,0.7689,0.7689
6h,pm25_lag_24h,Group B: Pollutant Lags,0.7553,0.7553
6h,pm10_lag_24h,Group B: Pollutant Lags,0.7211,0.7211
6h,cos_month,Group D: Temporal & Cyclical,0.7205,0.7205
6h,pm25_roll_std_12h,Group C: Causal Rolling Statistics,0.6846,0.6846
6h,temp_roll_mean_24h,Group F: Meteorology,-0.6547,0.6547
6h,is_monsoon,Group E: Seasonality Indicators,-0.6287,0.6287
6h,temp_roll_mean_6h,Group F: Meteorology,-0.6043,0.6043
6h,temp_lag_24h,Group F: Meteorology,-0.5937,0.5937
6h,temp_lag_6h,Group F: Meteorology,-0.5905,0.5905
6h,temp_lag_1h,Group F: Meteorology,-0.5888,0.5888
6h,temp_curr,Group F: Meteorology,-0.5882,0.5882
6h,pm25_roll_std_6h,Group C: Causal Rolling Statistics,0.5673,0.5673
6h,is_winter,Group E: Seasonality Indicators,0.4966,0.4966
6h,co_lag_12h,Group B: Pollutant Lags,0.4772,0.4772
6h,co_lag_6h,Group B: Pollutant Lags,0.4732,0.4732
6h,co_lag_1h,Group B: Pollutant Lags,0.4623,0.4623
6h,co_curr,Group B: Pollutant Lags,0.4597,0.4597
6h,pm25_roll_std_3h,Group C: Causal Rolling Statistics,0.4512,0.4512
6h,co_lag_24h,Group B: Pollutant Lags,0.4411,0.4411
6h,no2_lag_12h,Group B: Pollutant Lags,0.4316,0.4316
6h,no2_lag_6h,Group B: Pollutant Lags,0.4301,0.4301
6h,no2_lag_1h,Group B: Pollutant Lags,0.4223,0.4223
6h,nox_lag_12h,Group B: Pollutant Lags,0.42,0.42
6h,no2_curr,Group B: Pollutant Lags,0.4199,0.4199
6h,nox_lag_6h,Group B: Pollutant Lags,0.4162,0.4162
6h,no2_lag_24h,Group B: Pollutant Lags,0.4046,0.4046
6h,nox_lag_1h,Group B: Pollutant Lags,0.4043,0.4043
6h,nox_curr,Group B: Pollutant Lags,0.4012,0.4012
6h,is_post_monsoon,Group E: Seasonality Indicators,0.3865,0.3865
6h,nox_lag_24h,Group B: Pollutant Lags,0.385,0.385
6h,solar_rad_roll_mean_24h,Group F: Meteorology,-0.2422,0.2422
6h,sin_month,Group D: Temporal & Cyclical,-0.2394,0.2394
6h,day_of_year,Group D: Temporal & Cyclical,0.206,0.206
6h,month,Group D: Temporal & Cyclical,0.1998,0.1998
6h,so2_lag_6h,Group B: Pollutant Lags,0.1602,0.1602
6h,so2_lag_12h,Group B: Pollutant Lags,0.1598,0.1598
6h,so2_lag_1h,Group B: Pollutant Lags,0.1584,0.1584
6h,so2_curr,Group B: Pollutant Lags,0.1577,0.1577
6h,is_summer,Group E: Seasonality Indicators,-0.1452,0.1452
6h,so2_lag_24h,Group B: Pollutant Lags,0.1443,0.1443
6h,aqi_roll_std_24h,Group C: Causal Rolling Statistics,0.1405,0.1405
6h,wind_speed_roll_mean_24h,Group F: Meteorology,-0.1155,0.1155
6h,wind_speed_roll_mean_6h,Group F: Meteorology,-0.1002,0.1002
6h,wind_speed_lag_6h,Group F: Meteorology,-0.097,0.097
6h,aqi_roll_std_12h,Group C: Causal Rolling Statistics,0.0949,0.0949
6h,wind_speed_lag_1h,Group F: Meteorology,-0.0926,0.0926
6h,solar_rad_roll_mean_6h,Group F: Meteorology,-0.0915,0.0915
6h,wind_speed_curr,Group F: Meteorology,-0.0912,0.0912
6h,wind_speed_lag_24h,Group F: Meteorology,-0.0909,0.0909
6h,solar_rad_lag_6h,Group F: Meteorology,-0.0778,0.0778
6h,solar_rad_lag_1h,Group F: Meteorology,-0.0747,0.0747
6h,solar_rad_curr,Group F: Meteorology,-0.0735,0.0735
6h,solar_rad_lag_24h,Group F: Meteorology,-0.0683,0.0683
6h,aqi_roll_std_6h,Group C: Causal Rolling Statistics,0.0593,0.0593
6h,sin_doy,Group D: Temporal & Cyclical,-0.0567,0.0567
6h,o3_lag_24h,Group B: Pollutant Lags,0.0464,0.0464
6h,o3_curr,Group B: Pollutant Lags,0.0426,0.0426
6h,humidity_roll_mean_24h,Group F: Meteorology,-0.0409,0.0409
6h,o3_lag_1h,Group B: Pollutant Lags,0.0399,0.0399
6h,humidity_lag_24h,Group F: Meteorology,-0.037,0.037
6h,aqi_roll_std_3h,Group C: Causal Rolling Statistics,0.0357,0.0357
6h,o3_lag_12h,Group B: Pollutant Lags,0.0354,0.0354
6h,o3_lag_6h,Group B: Pollutant Lags,0.0331,0.0331
6h,humidity_curr,Group F: Meteorology,-0.0292,0.0292
6h,humidity_roll_mean_6h,Group F: Meteorology,-0.029,0.029
6h,humidity_lag_1h,Group F: Meteorology,-0.0286,0.0286
6h,humidity_lag_6h,Group F: Meteorology,-0.0278,0.0278
6h,cos_dow,Group D: Temporal & Cyclical,0.0143,0.0143
6h,day_of_week,Group D: Temporal & Cyclical,-0.0089,0.0089
6h,sin_dow,Group D: Temporal & Cyclical,0.0059,0.0059
6h,cos_hour,Group D: Temporal & Cyclical,-0.0044,0.0044
6h,is_weekend,Group D: Temporal & Cyclical,-0.0041,0.0041
6h,sin_hour,Group D: Temporal & Cyclical,0.0022,0.0022
6h,hour,Group D: Temporal & Cyclical,-0.0007,0.0007
