feature,train_mean,train_std,train_p50,val_mean,val_std,val_p50,test_mean,test_std,test_p50,mean_shift_%,ks_stat,ks_pval
target_aqi_24h,177.95885588558855,90.550055105849,160.0,190.57559958289886,104.19560063760336,152.0,379.2189795918367,56.20868867260376,388.0,222.26391938093477,0.7900218899440965,0.0
aqi_curr,178.72560506050604,90.78848499366474,161.0,186.79770594369134,104.03556931106915,146.0,377.29826530612246,56.89862326070096,385.0,218.72007048852709,0.7806648930199143,0.0
aqi_lag_12h,179.08966083460732,90.62795488492038,161.0,185.67429971242944,104.09109629614751,144.0,375.95095311695,57.94154160690225,384.0,217.21914701749913,0.7735022732350563,0.0
aqi_lag_168h,181.49505692031155,89.66782259713347,165.0,161.612850262697,94.1218263126985,127.0,372.49144153433696,56.959049125366306,378.0,213.00435070416904,0.7813782152707389,0.0
aqi_lag_1h,178.77402085875957,90.78838748117687,161.0,186.75334527447055,103.97056180452286,146.0,377.2089353417358,57.03285333906867,385.0,218.56858363880437,0.7795523963763241,0.0
aqi_lag_24h,179.27173725647953,90.4092078637393,162.0,184.26395011289108,103.7191705730041,143.0,375.2584316159735,57.92382785343472,383.0,216.77733641593525,0.7740987759038799,0.0
aqi_lag_2h,178.81872044506258,90.77862393511079,161.0,186.63804198755142,103.94380873707131,146.0,377.09298749231084,57.12976432956406,385.0,218.4151252914602,0.7789681691160262,0.0
aqi_lag_3h,178.8771538504433,90.7681070687028,161.0,186.59533361486487,103.98981858180936,146.0,376.9719971279105,57.231042445964384,385.0,218.24275932432124,0.7782495205009594,0.0
aqi_lag_48h,179.90758404094453,90.27103527961786,162.0,179.88103485602943,101.74458308962339,139.0,374.9035522511359,57.52825340538569,382.0,216.01164316441032,0.7747216003853682,0.0
aqi_lag_6h,178.95550259357913,90.70787591117163,161.0,186.28010166260722,104.0472647978557,145.0,376.6212634822804,57.52124039174545,385.0,217.91463763390024,0.7764303027854865,0.0
aqi_lag_72h,180.102140277737,90.51590142220985,162.0,176.38477433387712,101.23867208814018,135.0,373.2919248244527,57.61496526695213,380.0,213.43185028053838,0.7738782574660344,0.0
co_curr,1.2505882517014393,0.9599874900072659,1.0,1.4002888700084963,0.9383188667651373,1.14,2.2595757825370675,1.58822943796823,1.79,105.10314259550736,0.3618483897097733,0.0
co_lag_12h,1.252459733600847,0.9585557935769258,1.01,1.396737814590634,0.9312313123956314,1.15,2.2523210612916498,1.5819387985643547,1.78,104.30805421918731,0.35877237904490866,0.0
co_lag_1h,1.2515251589869463,0.9606434438322968,1.0,1.3991163976210705,0.9364144817426955,1.14,2.2594605168331103,1.5894633357672563,1.79,104.92184921809549,0.36115353958853386,0.0
co_lag_24h,1.2500198623622223,0.9583410107895778,1.0,1.3878271999999998,0.9237492735028221,1.14,2.242289864029666,1.5825461160316012,1.77,103.53930767495308,0.35491263486083685,0.0
co_lag_6h,1.2510893932634397,0.9596272468959578,1.0,1.3977330643448713,0.9388500000532319,1.14,2.258697128743439,1.5890286572151546,1.79,104.99881478540011,0.3611272052854424,0.0
no2_curr,43.939689188436475,36.54034904161854,36.1,40.49585080602676,26.690891686303463,34.52,71.87229760196763,40.39834972316831,64.7,76.4431689949095,0.33796789451155895,0.0
no2_lag_12h,44.03675844980233,36.57493985420338,36.2,40.35822278374395,26.544916704787838,34.28,71.5818780063453,39.34979590197361,64.62,75.31143492019675,0.3359615009999949,0.0
no2_lag_1h,43.96382346387388,36.56989487396829,36.11,40.49238095238095,26.709713663416856,34.5,71.84360012297601,40.34645183598652,64.7,76.23694060781632,0.3377439683479871,0.0
no2_lag_24h,43.87325125909345,36.49877267816071,36.11,40.104659054868385,26.490016435086915,33.9,71.33194709320209,39.482139301762714,64.35,75.23181273258938,0.3322326604225661,0.0
no2_lag_6h,43.96681348377211,36.51798025394858,36.15,40.37394758998105,26.63498984960555,34.365,71.63712793198812,39.401808607465696,64.65,75.77173402970637,0.3377988370344572,0.0
nox_curr,42.91174143578924,48.48637221711358,28.62,42.828900948366694,45.020153284426755,29.225,78.79139002872384,72.820741827633,53.55,73.99943438195032,0.30067065430561324,0.0
nox_lag_12h,42.81560328560328,48.13539845383302,28.78,42.612220349694546,44.8144955208122,29.1,78.41426345463864,72.34004799046342,53.5,73.95524690141201,0.2993376433919745,0.0
nox_lag_1h,42.92762104386453,48.507729070975664,28.67,42.79147839831401,44.92018547490903,29.25,78.82482199651174,72.97619999398357,53.52,74.00303877309776,0.3003819082532663,0.0
nox_lag_24h,42.80429089084624,48.408522799944635,28.67,42.39539648974414,44.46996520490533,28.875,78.08160710618196,72.53646554458813,52.835,72.87416943852524,0.2931145378981724,0.0
nox_lag_6h,42.86783500860776,48.33887374101904,28.68,42.81797009896821,45.08028461270753,29.16,78.72016205128205,73.07710365923714,53.5,74.16871112447924,0.30021677609704484,0.0
o3_curr,31.679004847528322,35.52204910773764,17.95,28.76257082452431,31.417249253192566,17.95,30.455828600929273,39.01254004257703,12.9,-3.4434272036122175,0.1478783384520635,1.1039436804553333e-145
o3_lag_12h,31.60341807113466,35.413566160542295,17.92,28.416442449841607,31.182715471565388,17.78,30.313428247188693,38.861634213199615,12.9,-3.642642070651054,0.1485223816054514,4.7044364155205826e-147
o3_lag_1h,31.626811353194853,35.458071828307254,17.92,28.710158579130987,31.359313236441466,17.92,30.463117513424205,39.012485329777974,12.9,-3.2818860461922563,0.14786245615108623,1.1865794788352472e-145
o3_lag_24h,31.817785544487208,35.712665583747935,18.05,28.51167886308198,30.942952427223336,17.92,30.66723621722073,39.149769874812186,13.0,-3.22168336160752,0.14786827319652807,1.5042692473487346e-145
o3_lag_6h,31.53684766979616,35.27061465039369,17.9,28.57440490020066,31.25986508313837,17.9,30.351307041090234,38.880110765786405,12.95,-3.361269159412783,0.14725599593103517,1.8570084436688085e-144
pm10_curr,180.33626301493885,119.24466937009532,153.0,183.33889322070607,138.70794159697422,146.0,380.39093847432963,149.8168094439958,357.0,167.76821952658233,0.5879326006052789,0.0
pm10_lag_12h,180.47598334039247,118.87603907924088,153.0,182.81179744920016,139.15036874344398,145.0,379.06423584415586,149.85718153712452,355.0,167.0548895609641,0.5862128564644447,0.0
pm10_lag_1h,180.3084065638704,119.217233551675,153.0,183.25960147281788,138.98435169370322,146.0,380.19850550821036,149.69611621135346,357.0,167.6687809492065,0.5879206917212609,0.0
pm10_lag_24h,180.80492322565968,119.42828307016714,153.25,182.39307784431136,139.7596998774366,144.0,376.25403266070316,151.28370415399056,353.0,163.65394196851847,0.5750296878055263,0.0
pm10_lag_6h,180.5776903933712,119.21914775708296,153.0,182.9686801426873,139.51084902235692,145.0,379.86578405902526,149.39396335276078,356.0,167.16113199836298,0.5872885924990772,0.0
pm25_curr,83.87561410928778,70.4055801060225,62.0,88.16650021663779,80.57147618070576,63.0,248.90329945026448,116.22052153186833,232.0,234.39571359669662,0.6761106337489948,0.0
pm25_lag_12h,83.88846335830564,69.93916329221787,63.0,87.26945232167985,79.76788115973801,63.0,247.8041049030787,115.89915745903625,230.0,234.3688577214165,0.6722660621218952,0.0
pm25_lag_1h,83.90161557767689,70.43998200781056,62.0,88.12820948873484,80.79145415814627,63.0,248.77375687169382,116.03556154008042,231.5,234.06042021659442,0.6763596569073032,0.0
pm25_lag_24h,84.34257294354495,71.12625841823248,63.0,87.12330356170352,80.21528251828539,61.0,245.5386299948106,116.50098406777607,228.0,226.63364834973504,0.6616240473426611,0.0
pm25_lag_6h,84.05112699486833,70.46862600559703,62.75,88.16955553152374,81.73979055496156,63.0,248.4693063763608,115.55468521357831,231.0,233.3210754475699,0.6764000288011588,0.0
so2_curr,16.183414549150573,13.002702821639291,13.0,14.077545911674685,12.446370378866602,11.1,21.389106432013406,18.07102982683598,17.38,40.03542917751325,0.17512876672972705,5.902834547151215e-201
so2_lag_12h,16.16912720950449,13.028619937898563,13.0,13.894578102827204,11.977473946501535,10.98,21.36102665969681,18.06833359996696,17.35,39.849926469165965,0.17450770347254213,6.324320488677436e-200
so2_lag_1h,16.184952538535224,13.01376756680123,13.0,14.0766597419637,12.492042864210852,11.08,21.38473391996648,18.070179654541995,17.39,39.95597246641241,0.1750899164851843,6.820555113423944e-201
so2_lag_24h,16.2022760846807,13.090458139486577,13.02,13.959889412022337,12.25070299675164,11.0,21.283734004615063,18.044597648538566,17.25,38.81799998127235,0.17057107334142818,2.478302233455424e-190
so2_lag_6h,16.171135229251306,12.987224628301009,13.0,13.992363159619797,12.161495075708919,11.0,21.38425790244924,18.062421724978503,17.38,40.14035953302797,0.1745969666754183,6.84570806294354e-200
aqi_roll_max_12h,192.17428595220252,93.44288745225096,176.0,197.02188940092165,106.54904458890637,159.0,388.3623529411765,53.89933943260306,397.0,209.95503386356944,0.7778320082047019,0.0
aqi_roll_max_24h,203.08261246885584,95.14477405203198,190.0,204.97166631556772,107.95385643099026,172.0,398.4656747049769,49.53109848962735,409.0,205.35341393940377,0.792045668220942,0.0
aqi_roll_max_3h,181.60976347634764,91.44787009047522,164.0,189.05328467153285,104.65866023566724,149.0,379.52142857142854,56.41760874214045,388.0,216.42017824718764,0.7770476639500685,0.0
aqi_roll_max_6h,185.48744925855357,92.19611245083104,169.0,192.0091906005222,105.40833053883475,153.0,382.6744637385087,55.616860884285686,391.0,213.8777740735426,0.7766822912228514,0.0
aqi_roll_mean_12h,178.84886859146167,89.96666349676457,161.25,186.29721583314742,103.70998811831949,145.29166666666669,376.6489703280522,56.53503191155946,385.1666666666667,219.85930350498504,0.7825785136850687,0.0
aqi_roll_mean_24h,178.90756237347438,88.76026726076965,162.04166666666666,185.64885672471254,102.97498090586036,143.97916666666669,376.09376946547076,54.95362793580959,383.7083333333333,222.15591611175478,0.7899140234083402,0.0
aqi_roll_mean_3h,178.72889163916392,90.67369393960384,160.66666666666666,186.7064824469934,103.99887520878886,146.33333333333334,377.16688775510204,56.923620946778875,385.3333333333333,218.84845053656812,0.7811180709907726,0.0
aqi_roll_mean_6h,178.79738675797824,90.44701027613829,160.83333333333334,186.5676675369887,103.92633851056974,146.33333333333334,376.99766768811713,56.87809042567712,385.3333333333333,219.13411887425997,0.7811641240693505,0.0
aqi_roll_min_12h,166.77078302384322,87.4055195117597,147.0,176.08336824465857,101.25314098136384,133.0,364.92511508951407,59.441634200549316,373.0,226.7068607358654,0.7854845240039848,0.0
aqi_roll_min_24h,157.42134878642815,84.03934103792639,138.0,167.6204971560986,98.77867671030066,124.0,353.8686505900462,61.066602272024234,362.0,233.75632888331404,0.7884178289617519,0.0
aqi_roll_min_3h,175.9131188118812,90.11467379597086,157.0,184.38091762252347,103.4360998405625,143.0,374.81020408163266,57.49786241259531,383.0,220.7155114920843,0.7829965649626187,0.0
aqi_roll_min_6h,172.50133929804213,89.15481231272786,154.0,181.2891906005222,102.67844765596206,139.0,371.31624106230845,58.253119915966096,379.0,222.99960518892004,0.7845285725330666,0.0
aqi_roll_std_12h,8.674343632241918,8.438632454200983,6.171169527203849,7.1670457343331915,7.108949707674109,5.295437986482119,8.01882531642173,6.663177526361339,6.20056204686525,-7.768054155367773,0.03833455684025555,2.968743733424522e-10
aqi_roll_std_24h,14.376768559869927,11.49740213296823,11.193942461263838,11.860671765560927,10.315338806090303,8.965463104422774,14.376111409744478,10.792820876978228,11.360426424111672,-0.00571563511726331,0.04126747414174693,9.125917551741552e-12
aqi_roll_std_3h,2.9934437794436026,5.22223872805007,1.7320508075688117,2.4475242977497795,3.7013793177727194,1.5275252316519765,2.4320495061880205,2.611747270489796,1.7320508075767262,-10.750048542119146,0.04990221142062359,3.952333096006107e-17
aqi_roll_std_6h,5.12088033223932,6.427993200617275,3.3316662497877556,4.223784690631166,5.039745559219012,2.875181153713805,4.414658707188152,4.09652602348699,3.3664980058484164,-10.986640843354756,0.04337378263614322,4.895884595821777e-13
pm25_roll_max_12h,132.2838729842613,98.41143758227486,102.0,136.0632963901203,122.02202961802928,97.0,354.784065765212,127.0167077243625,337.875,226.09177920580223,0.7338712472946067,0.0
pm25_roll_max_24h,156.13784374827645,112.68645836610325,124.0,157.83712364744196,140.9216093333482,114.0,399.46379134340543,131.2163173040577,381.0,215.93182493269336,0.7343775684602367,0.0
pm25_roll_max_3h,96.86871285757802,78.72001255960923,72.75,101.16659318637274,92.28211230077027,73.0,277.6734656817482,122.98547125086932,259.0,229.68076855829054,0.6873872844390342,0.0
pm25_roll_max_6h,111.99190037463576,87.14751360683336,85.0,115.83248412362406,103.58782810296287,84.0,310.97745713992407,125.04892554455382,291.0,228.3318544575208,0.7136935544149743,0.0
pm25_roll_mean_12h,83.5594582584402,60.57476037675504,65.75,88.06761958516527,72.04425476666607,63.333333333333336,248.46908352882295,90.06510450734936,237.5,272.2414368964165,0.7704332493479233,0.0
pm25_roll_mean_24h,83.67436066813158,56.306160755624575,69.04166666666667,87.4032993487684,66.64993352417193,62.708333333333336,247.89990000823371,76.29676038008795,244.14583333333331,291.6652600171664,0.8004052963394058,0.0
pm25_roll_mean_3h,83.30908822796376,68.16367641637228,62.33333333333329,87.7894937242907,80.0873545775922,62.999999999999964,249.06243733114462,112.1494928223319,232.66666666666666,243.16957872655266,0.6906954216155738,0.0
pm25_roll_mean_6h,83.50475031682161,65.13159560351704,63.5,87.80361496260232,76.11932919642987,63.166666666666664,248.79159083598535,103.94324047153604,233.65333333333334,253.77363107756457,0.7176980136300262,0.0
pm25_roll_min_12h,47.417526069759084,40.38614183567704,35.25,52.447861515727254,45.63169757191903,37.0,156.14979717271052,76.0212259086141,144.0,269.2315711221033,0.7282302451146174,0.0
pm25_roll_min_24h,36.85293585571673,31.64073838393331,29.0,41.00993276604685,32.48953371122696,29.0,120.8860728868926,57.06313642309214,108.0,265.58517520352524,0.7675371016421276,0.0
pm25_roll_min_3h,70.50100911079726,60.310173601705436,52.0,75.17903702141125,70.8466235505511,53.0,221.51843951985225,105.95902652792856,205.0,250.4012115207432,0.6860132252356642,0.0
pm25_roll_min_6h,59.64241820452338,51.006778534371236,44.0,64.37292760372566,58.326791966662384,45.0,193.04019710502,93.89303519228827,178.0,261.5294605552469,0.695284858549631,0.0
pm25_roll_std_12h,27.637416620276095,25.320626977752266,19.572243797600873,27.226789861573998,32.14444853332228,17.930991414184895,66.63603710444173,37.05573386548321,58.7425683961921,154.01911302006891,0.5595280190311847,0.0
pm25_roll_std_24h,33.45119202083325,27.792928280811974,24.41843375688211,32.25744017312868,34.529386080857094,21.980846405351333,82.31140997890876,35.89086516882111,75.5390073450231,175.80083640097968,0.6308222908099596,0.0
pm25_roll_std_3h,14.050605594926706,16.719114136253495,8.962886439832506,13.991736302486938,18.795696505706104,8.544003745317399,29.63761871794394,26.855155498577318,21.939310229204725,93.22864640509842,0.3679724992163279,0.0
pm25_roll_std_6h,20.43363240028194,21.007287699482763,13.939153489363967,20.217858759340142,25.215790012722074,13.109792777411343,46.28548299795585,32.91559628309349,37.743432099721254,123.06128549942161,0.4713609700910869,0.0
cos_dow,-0.005481824661850913,0.7060746880264097,-0.22252093395631434,-0.008131559149338252,0.7120794503252355,-0.22252093395631434,0.039084937413360395,0.7039983809117809,-0.22252093395631434,6.311815399903471,0.02857142857142858,6.587884348098377e-06
cos_doy,-0.20960119883485465,0.7056248872082157,-0.47370635037968,-0.012832374745314299,0.29219007713640477,-0.016126573270657762,0.8176934632299806,0.1536961275630105,0.8589525565270845,145.58444893920128,0.755940594059406,0.0
cos_hour,-0.004028380290954056,0.7064165051064814,-1.8369701987210297e-16,-0.005043519660475831,0.7065457432503386,-1.8369701987210297e-16,-0.0034980742844596888,0.7068261726753956,-1.8369701987210297e-16,0.07506881503751515,0.0019604409420533875,1.0
cos_month,-0.12031304158974562,0.7527132310118242,-0.4999999999999998,-0.24859228362878022,0.2500090718614719,-1.8369701987210297e-16,0.6837223429811891,0.18302066407948792,0.8660254037844384,106.81686859725797,0.6324807480748075,0.0
day_of_week,3.007205720572057,1.9928784351413857,3.0,2.9554744525547445,1.9839271667440648,3.0,2.9977551020408164,2.047550629206936,3.0,-0.4742171395344643,0.02120069149772119,0.0019105020494850653
day_of_year,122.23278327832783,68.94866468580291,121.0,274.1656934306569,17.453427781447733,274.0,334.51489795918366,17.21454702091861,335.0,307.8842568739997,1.0,0.0
hour,11.493729372937294,6.904121465621303,11.0,11.500521376433785,6.898633620728829,12.0,11.518061224489795,6.905665312320223,12.0,0.35242451094189703,0.002460541972564609,0.9999999999383318
is_weekend,0.2849009900990099,0.45137348093954294,0.0,0.26986444212721583,0.4439123486681927,0.0,0.3016326530612245,0.4589900791960431,0.0,3.7067512810588683,0.01673166296221451,0.026252332370747866
month,4.531985698569857,2.2602164412145433,5.0,9.50281543274244,0.5000181437229436,10.0,11.501938775510204,0.5000217531001576,12.0,308.37410579070166,1.0,0.0
sin_dow,0.0019574347339131755,0.7081328657468682,0.0,0.01713863525593651,0.7019168397931465,0.0,-0.020088870646929602,0.7089125043092432,0.0,-3.1132567236402013,0.017400260434206727,0.018448306850426793
sin_doy,0.37851981407712265,0.5611648250986766,0.5322271388474397,-0.9554534454359285,0.039724924752560696,-0.9666180104000972,-0.4967046831295511,0.24707893104629713,-0.5120551783114646,-155.9628939257521,0.7683718371837184,0.0
sin_hour,0.001932862833961349,0.7078017098483612,1.2246467991473532e-16,0.00028114688120585055,0.7077230249616999,0.0,0.000640804446816314,0.7074504678110496,1.2246467991473532e-16,-0.18254266906969377,0.0026315080487641085,0.9999999985299851
sin_month,0.4161348131743188,0.49578394871398684,0.49999999999999994,-0.9333898983570595,0.06698972890573603,-1.0,-0.6823030608032497,0.18302066407948783,-0.5000000000000004,-221.55128694627012,1.0,0.0
is_monsoon,0.3724972497249725,0.48347644971167786,0.0,0.49718456725755994,0.5000181437229435,0.0,0.0,0.0,0.0,-77.04398953623361,0.37249724972497245,0.0
is_post_monsoon,0.0,0.0,0.0,0.50281543274244,0.5000181437229436,1.0,0.4980612244897959,0.5000217531001576,0.0,4980612.244897959,0.49806122448979595,0.0
is_summer,0.3951870187018702,0.48889754824617354,0.0,0.0,0.0,0.0,0.0,0.0,0.0,-80.83062331917333,0.39518701870187023,0.0
is_winter,0.23231573157315732,0.4223150927368455,0.0,0.0,0.0,0.0,0.501938775510204,0.5000217531001576,1.0,63.84253471414052,0.2696230439370468,0.0
humidity_curr,63.31062852175033,18.718977393242923,63.5,70.44927348848664,14.192086858465332,72.0,68.14107010629404,16.851376552432697,69.5,25.805036795352365,0.10388102171609492,2.0312250853712536e-62
humidity_lag_1h,63.32975241468126,18.717665211728033,63.5,70.46120320197043,14.194131173360418,72.25,68.15340140929177,16.851913592400603,69.5,25.77055611899995,0.10346400970402136,6.390768494459544e-62
humidity_lag_24h,63.34251074417553,18.774974840109,63.5,70.42128693287181,14.251422395488724,72.0,68.04877777777779,16.766832133461932,69.5,25.0666888611716,0.10309191275838725,2.054937184953087e-61
humidity_lag_6h,63.35727805317711,18.712178595103726,63.5,70.52528673394043,14.168632441610793,72.25,68.1836982213203,16.8124152005158,69.5,25.792921782575874,0.10367590775344726,3.347982113923927e-62
humidity_roll_mean_24h,63.340374365500075,15.142085699662339,63.6875,70.48022797502114,7.807872195704149,70.21354166666666,68.11929611883282,10.1266742862277,67.71875,31.560504226897162,0.22163790215903256,1.6903189992936385e-286
humidity_roll_mean_6h,63.35593739587338,17.887468811198136,63.75,70.44236717760066,12.908860011488496,71.58333333333333,68.13285550130985,15.36252315369254,68.66666666666667,26.70537394261488,0.11904963885477453,3.5731817934890665e-82
solar_rad_curr,99.03726807277411,143.16691601459152,17.25,94.8491330049261,141.8553451892993,9.5,63.737683946488296,99.55933373218684,10.0,-24.65624226833514,0.11352759230017667,1.7337633673326446e-74
solar_rad_lag_1h,98.97201526176829,143.27074217742916,16.75,94.8440128094593,142.27024749548667,9.25,63.68080745341614,99.4866832035299,10.0,-24.63252776438757,0.11206707811167343,1.3716637286090751e-72
solar_rad_lag_24h,99.02927516561641,143.2124811618163,17.25,94.65782888229477,142.01445222656469,9.5,64.06561596367547,99.87527070838816,10.0,-24.41383354084343,0.11253056887437912,4.118544284250582e-73
solar_rad_lag_6h,98.5178235672891,143.01794386949766,16.25,95.07183138461538,142.7730773549374,9.25,63.351417144221585,99.35376490367511,10.0,-24.58880544127801,0.11213958133839613,1.0250372919185828e-72
solar_rad_roll_mean_24h,98.63782458708609,42.957513523911246,100.80208333333333,94.55804501923929,35.353942043710475,98.59541666666667,63.5978162529871,29.32119996923411,58.489583333333336,-81.5689673418786,0.4080022079081043,0.0
solar_rad_roll_mean_6h,98.96926481801871,118.02577551373736,38.81250000000001,95.1225228080932,114.67989938435674,35.916666666666664,63.70373936254664,81.04370416980285,19.0,-29.879509212304644,0.11176084045324619,1.9137804719989324e-72
temp_curr,26.794070126859424,6.77118852038995,28.55,27.40980792908151,3.7368925200277436,27.34,17.888644128539003,4.43788652798019,16.75,-131.5191981375782,0.6012060902327251,0.0
temp_lag_1h,26.78504845304401,6.77311978802807,28.55,27.408644255633543,3.736599475070925,27.33,17.896325409150638,4.447755593235175,16.75,-131.23509104468582,0.6005732605092577,0.0
temp_lag_24h,26.730156068243506,6.823823880420224,28.52,27.43596953937593,3.7191434599053674,27.4,18.10638264818356,4.579708655971687,16.88,-126.3772473243279,0.5839631136025123,0.0
temp_lag_6h,26.76023657782928,6.778991778880706,28.55,27.412207456626064,3.728420921692165,27.35,17.92860298507463,4.477175839024257,16.77,-130.27926353801396,0.5971411501780399,0.0
temp_roll_mean_24h,26.74719195228203,6.092999968160603,29.114583333333332,27.429689010006445,2.6976100495847013,27.71166666666667,17.98719717588027,3.1843814521890876,17.482916666666668,-143.77122017160076,0.6412653511011577,0.0
temp_roll_mean_6h,26.770003759117458,6.614187586731738,28.668333333333333,27.418158164725117,3.4641784655101397,27.419999999999998,17.914447646264986,4.133738107881226,16.9225,-133.8870814899295,0.6132028619098635,0.0
wind_speed_curr,0.8795999477055826,0.6944505801104343,0.67,0.866733599401347,0.6875811860139859,0.6,0.7686647557625702,1.9013721964234749,0.32,-15.974296471280097,0.29771292959800794,0.0
wind_speed_lag_1h,0.8791166089286883,0.6948287695915975,0.65,0.8664238493201946,0.6878236646718663,0.6,0.7691018750746447,1.9013003335101986,0.32,-15.83313117641759,0.29679818644596906,0.0
wind_speed_lag_24h,0.8772957275054144,0.6923208571382343,0.65,0.8768401906673357,0.6908882847865595,0.62,0.7733249701314218,1.9105639862664907,0.32,-15.017495797277935,0.29579736930688666,0.0
wind_speed_lag_6h,0.8780748995130878,0.6951360259119064,0.65,0.8696746852798205,0.6908692030066178,0.6,0.770094305837412,1.8988738753398635,0.32,-15.533512334192622,0.29411444502685924,0.0
wind_speed_roll_mean_24h,0.8838704996175887,0.49134697654861126,0.7779166666666667,0.8732374697061694,0.4961520378735028,0.7410416666666666,0.7724304966414751,1.7320924137946714,0.505,-22.680048985747636,0.3586424830212353,0.0
wind_speed_roll_mean_6h,0.8813296204752887,0.613216453124629,0.7083333333333334,0.8687362955607959,0.6247402659295409,0.6433333333333331,0.7724275621179648,1.8353916583939363,0.3875000000000002,-17.75886506565809,0.2987370860594486,0.0
network_max_aqi_lag_1h,220.0231978739896,90.9498810721743,213.0,252.52652631578948,104.11503873204192,243.0,404.37603686635947,49.93223715512168,417.0,202.6971520461466,0.7889381077625155,0.0
network_mean_aqi_lag_1h,177.58847726439313,87.79794852770681,162.0,184.84612095933267,98.04281276669218,151.83333333333334,375.891768707483,57.123931903404866,388.3333333333333,225.86321455357114,0.8057806290833165,0.0
network_mean_pm25_lag_1h,83.45566695544555,66.19379532116528,61.875,88.17600862009037,80.97948699794107,58.72116666666667,248.87001146258507,103.18102243368689,238.77083333333334,249.89399492077357,0.6933984418850049,0.0
network_min_aqi_lag_1h,142.08249363304174,79.95997257510673,121.0,146.43863157894737,96.50334497491559,99.0,345.9356886840758,61.38808258096509,354.0,254.94402135412412,0.8277062513752624,0.0
top_neighbor_aqi_lag_1h,171.8306755325409,88.763906274459,156.0,170.39121822383626,100.14997680356494,128.0,372.57792275033654,55.44016607673377,379.0,226.15861900131011,0.8035813558645146,0.0
top_neighbor_pm25_lag_1h,82.78412270327959,70.0297675548619,61.0,81.06791953646004,76.38970834901507,55.0,242.27681249353606,114.25372287850024,226.0,227.74981637676711,0.6740001905824132,0.0
